<?xml version="1.0" encoding="UTF-8"?>
<metadata xml:lang="en"><Esri><CreaDate>20180109</CreaDate><CreaTime>10304500</CreaTime><ArcGISFormat>1.0</ArcGISFormat><SyncOnce>TRUE</SyncOnce><DataProperties><itemProps><itemLocation><linkage Sync="TRUE">file://\\Tdata21\GISStore\UK Government Boundaries\2013 Boundaries\2011 Census\2011 Workplace Zones\WZ_2011_UK_BGC_V2</linkage><protocol Sync="TRUE">Local Area Network</protocol></itemLocation></itemProps><copyHistory><copy source="D:\GAI\WZ_UK\WZ_2011_UK_BGC_V2" dest="\\Tdata21\GISStore\UK Government Boundaries\2013 Boundaries\2011 Census\2011 Workplace Zones\WZ_2011_UK_BGC_V2" date="20180109" time="10304500"></copy></copyHistory></DataProperties></Esri></metadata>
