"","LSOA11","bA_DI_2018","bA_PT_2018","bA_HE_2018","bA_OT_2018","bA_ED_2018","bB_DI_2018","bB_PT_2018","bB_HE_2018","bB_OT_2018","bB_ED_2018","bC_DI_2018","bC_PT_2018","bC_HE_2018","bC_OT_2018","bC_ED_2018","bD_DI_2018","bD_PT_2018","bD_HE_2018","bD_OT_2018","bD_ED_2018","bE_DI_2018","bE_PT_2018","bE_HE_2018","bE_OT_2018","bE_ED_2018","bF_DI_2018","bF_PT_2018","bF_HE_2018","bF_OT_2018","bF_ED_2018","bG_DI_2018","bG_PT_2018","bG_HE_2018","bG_OT_2018","bG_ED_2018","bH_DI_2018","bH_PT_2018","bH_HE_2018","bH_OT_2018","bH_ED_2018","bI_DI_2018","bI_PT_2018","bI_HE_2018","bI_OT_2018","bI_ED_2018","bJ_DI_2018","bJ_PT_2018","bJ_HE_2018","bJ_OT_2018","bJ_ED_2018","bK_DI_2018","bK_PT_2018","bK_HE_2018","bK_OT_2018","bK_ED_2018","bL_DI_2018","bL_PT_2018","bL_HE_2018","bL_OT_2018","bL_ED_2018","bM_DI_2018","bM_PT_2018","bM_HE_2018","bM_OT_2018","bM_ED_2018","Unknown_DI_2018","Unknown_PT_2018","Unknown_HE_2018","Unknown_OT_2018","Unknown_ED_2018","AllCars_DI_2018","AllCars_PT_2018","AllCars_HE_2018","AllCars_OT_2018","AllCars_ED_2018","AvgCO2_DI_2018","AvgCO2_PT_2018","AvgCO2_HE_2018","AvgCO2_OT_2018","AvgCO2_ED_2018","AvgAge_DI_2018","AvgAge_PT_2018","AvgAge_HE_2018","AvgAge_OT_2018","AvgAge_ED_2018"
"1","E01030319",0,0,0,0,0,0,0,2,0,0,0,0,2,0,0,0,1,3,0,0,12,18,4,0,0,22,46,5,0,1,84,177,0,0,0,99,141,0,0,0,56,89,0,0,0,45,63,1,0,0,31,59,0,0,0,13,22,0,0,0,9,29,0,0,0,3,56,0,1,0,374,701,17,1,1,152.463611859838,154.548837209302,93.0588235294118,NA,110,6.561624,8.809138,5.107057,24.229979,4.668035
"2","E01030318",0,0,0,4,0,0,0,11,0,0,0,0,1,0,0,0,0,1,0,0,8,12,4,0,1,13,50,5,0,0,40,95,4,0,0,58,117,5,0,0,57,92,0,0,0,43,48,1,0,0,41,65,4,0,0,19,26,0,0,0,5,77,0,0,0,2,61,0,0,0,286,643,36,4,1,163.964788732394,175.725085910653,101.888888888889,0,99,5.865366,9.656821,4.514487,2.236823,4.344969
"3","E01030331",0,0,0,2,0,0,0,3,0,0,0,0,2,0,0,4,0,2,0,0,8,30,6,0,0,13,59,1,0,0,57,119,0,0,0,58,159,0,0,0,42,89,0,0,0,22,73,0,0,0,28,49,1,0,0,4,16,0,0,0,2,16,0,0,0,4,63,0,1,0,242,673,15,3,0,149.613445378151,150.83606557377,84.4,0,NA,8.221969,10.173942,4.508509,8.563996,NA
"4","E01030333",0,0,0,2,0,0,0,4,0,0,0,0,0,0,0,2,0,1,0,0,8,19,3,0,0,23,38,1,0,1,41,130,2,0,0,59,122,0,0,0,29,83,0,0,0,15,65,0,0,0,17,45,1,0,0,7,20,0,0,0,4,7,0,1,0,6,53,1,1,0,211,582,13,4,1,147.336585365854,150.829867674858,85.9166666666667,103.333333333333,104,8.121722,10.097679,6.537565,11.24709,2.247775
"5","E01030330",0,0,0,1,0,0,0,2,0,0,0,0,1,0,0,5,0,4,0,0,14,22,4,0,0,17,49,3,0,0,66,114,0,0,0,62,152,0,0,0,38,92,0,0,0,37,60,0,0,0,10,55,0,0,0,5,21,0,0,0,5,15,0,0,0,3,57,0,1,0,262,637,14,2,0,145.6138996139,153.391379310345,84.3571428571429,0,NA,7.964554,10.342859,4.932433,13.685146,NA
"6","E01030335",0,0,0,1,0,0,0,1,0,0,0,0,1,0,0,1,0,1,0,0,6,19,2,0,0,29,38,3,0,0,57,101,1,0,0,61,175,0,0,0,43,102,0,0,0,18,59,0,0,0,23,40,0,0,0,7,20,0,0,0,5,13,0,0,0,4,46,0,1,0,254,613,9,2,0,148.848,153.144620811287,89.2222222222222,0,NA,8.445891,10.029792,5.832534,9.839835,NA
"7","E01030332",0,0,0,0,0,0,0,1,0,0,0,0,2,0,0,0,0,3,0,0,8,22,4,0,0,19,44,4,0,0,54,92,0,0,0,51,121,1,0,0,34,93,0,0,0,13,66,0,0,0,13,46,0,0,0,8,21,0,0,0,2,9,0,0,0,5,48,0,0,0,207,562,15,0,0,145.594059405941,153.710116731518,91.0666666666667,NA,NA,8.373392,10.924087,6.132055,NA,NA
"8","E01030972",0,0,0,2,0,0,0,1,0,0,0,0,2,0,0,1,0,2,0,0,7,28,5,0,0,24,30,3,0,0,89,119,1,0,0,73,163,0,0,0,47,113,0,0,0,29,62,0,0,0,24,57,2,0,0,5,12,0,0,0,5,9,0,0,0,7,63,0,0,0,311,656,16,2,0,147.292763157895,151.866779089376,101.5625,0,NA,8.237035,10.484507,6.061418,2.86516,NA
"9","E01002556",0,0,0,0,0,0,0,1,0,0,0,0,2,0,0,0,0,1,0,0,8,11,5,0,0,14,30,5,0,0,50,84,2,0,0,68,114,0,0,0,44,103,0,0,0,19,50,0,0,0,25,45,1,1,0,9,13,0,0,0,3,9,0,0,0,4,46,0,0,0,244,505,17,1,0,151.375,154.882352941176,98.8823529411765,192,NA,8.939544,11.190899,5.995208,14.080766,NA
"10","E01030349",0,0,0,3,0,0,0,3,0,0,0,0,2,0,0,2,0,4,0,0,5,25,5,0,0,22,39,4,0,1,55,124,3,0,0,72,132,1,0,0,54,98,0,0,0,51,72,0,0,0,40,62,2,0,0,16,35,0,0,0,6,45,0,0,0,1,64,0,1,0,324,696,24,4,1,159.439628482972,164.912974683544,99.3333333333333,0,110,6.384735,9.759094,5.363221,6.494181,3.274469
"11","E01030348",0,0,0,10,0,0,0,4,0,0,0,0,3,0,0,2,1,1,0,0,13,17,7,0,0,22,40,2,0,0,52,115,4,0,0,73,129,1,0,0,59,90,0,0,0,44,44,0,0,0,22,55,4,0,0,20,27,0,0,0,5,57,0,0,0,4,76,0,2,0,316,651,26,12,0,155.237179487179,167.226086956522,105.269230769231,0,NA,6.345998,9.741221,5.191912,5.87999,NA
"12","E01030996",0,0,0,1,0,0,0,2,0,0,0,0,0,0,0,2,1,4,0,0,8,26,5,0,0,15,51,6,0,0,75,143,6,0,0,84,155,6,0,0,54,97,0,0,0,54,68,1,0,0,32,48,3,0,0,7,15,1,0,0,9,23,0,0,0,2,75,0,3,0,342,702,34,4,0,154.482352941176,152.389154704944,119.441176470588,0,NA,6.917243,10.467681,4.974593,15.568103,NA
"13","E01030747",0,0,0,1,0,0,0,2,0,0,0,0,0,0,0,3,0,1,0,0,13,20,6,0,0,32,24,2,0,2,95,98,0,0,0,91,133,1,0,0,62,84,0,0,0,35,50,0,0,0,23,39,0,0,0,5,17,0,1,0,7,17,0,1,0,11,58,0,1,0,377,540,12,4,2,145.549180327869,156.340248962656,90.9166666666667,200,105.5,8.413335,11.450798,4.885694,12.841204,3.750855
"14","E01030651",0,0,0,1,0,0,0,1,0,0,0,0,0,0,0,4,0,2,0,0,18,21,3,0,0,33,28,1,0,0,54,104,1,0,0,76,128,0,0,0,39,107,0,0,0,21,60,1,0,0,24,44,0,0,0,10,9,0,0,0,3,9,0,0,0,7,43,0,1,0,289,553,9,2,0,144.673758865248,152.078431372549,99.8888888888889,0,NA,7.707933,10.01944,6.115749,10.323066,NA
"15","E01003826",0,0,0,0,0,0,0,2,0,0,0,0,1,0,0,3,1,2,0,0,12,22,2,0,0,14,22,0,0,0,52,69,2,0,0,46,124,0,0,0,34,81,0,0,0,22,61,0,0,0,6,30,2,0,0,6,10,0,0,0,5,9,0,0,0,5,41,1,0,0,205,470,12,0,0,145.245,153.263403263403,103.454545454545,NA,NA,8.209284,10.364197,4.300665,NA,NA
"16","E01030648",0,0,0,2,0,0,0,2,0,0,0,0,0,0,0,2,0,3,0,0,17,24,3,0,0,26,47,0,0,0,67,126,0,0,0,77,170,0,0,0,42,100,0,0,0,18,65,0,0,0,18,40,1,0,0,7,14,0,0,0,6,19,0,0,0,4,65,0,1,0,284,670,9,3,0,144.232142857143,151.21652892562,95.1111111111111,0,NA,7.590211,10.691339,4.092478,7.77002,NA
"17","E01030649",0,0,0,2,0,0,0,3,0,0,0,0,2,0,0,3,1,2,0,0,18,31,5,0,0,35,40,8,0,0,90,141,5,0,0,85,165,0,0,0,49,127,0,0,0,33,69,0,0,0,20,45,0,0,0,4,13,0,0,0,6,10,0,0,0,7,55,0,0,0,350,697,25,2,0,142.874635568513,149.190031152648,93.56,0,NA,7.322404,9.921422,5.970704,3.531827,NA
"18","E01030705",0,0,0,0,0,0,0,1,0,0,0,0,0,0,0,1,3,2,0,0,10,32,5,0,0,25,52,2,0,0,60,137,0,0,0,63,159,0,0,0,46,124,0,0,0,24,53,0,0,0,22,32,1,0,0,9,12,0,0,0,4,15,0,0,0,1,47,0,0,0,265,666,11,0,0,147.981060606061,147.376413570275,96.0909090909091,NA,NA,7.766083,9.805143,6.744819,NA,NA
"19","E01030702",0,0,0,0,0,0,0,0,0,0,0,0,1,0,0,4,0,3,0,0,6,13,5,0,0,13,24,0,0,1,36,80,41,0,0,45,108,0,0,0,28,71,0,0,0,13,44,0,0,0,9,31,0,0,0,4,11,0,0,0,6,5,0,0,0,1,38,2,0,0,165,425,52,0,1,148.591463414634,151.97157622739,110.24,NA,109,8.644688,10.654729,3.716632,NA,5.577002
"20","E01030680",0,0,0,3,0,0,0,3,0,0,0,0,0,0,0,2,1,1,0,0,13,29,3,0,0,18,43,1,0,0,63,157,2,0,0,73,140,1,0,0,62,103,0,0,0,38,57,0,0,0,22,66,1,0,0,8,23,0,0,0,8,23,0,0,0,4,68,0,1,0,311,710,12,4,0,151.651465798046,154.358255451713,97.1666666666667,0,NA,7.573986,10.385326,4.588637,6.563996,NA
"21","E01030681",0,0,0,1,0,0,0,3,0,0,0,0,1,0,0,2,0,3,0,0,15,29,2,0,0,33,47,4,0,0,70,126,2,0,0,67,157,0,0,0,65,117,0,0,0,18,57,0,0,0,25,44,2,0,0,7,20,0,0,0,8,29,0,0,0,5,62,0,1,0,315,688,17,2,0,147.277419354839,155.180511182109,97.7058823529412,0,NA,7.593719,10.27729,4.801062,12.198493,NA
"22","E01030477",0,0,0,5,0,0,0,4,0,0,0,0,2,0,0,1,0,6,0,0,14,22,2,0,0,26,44,5,0,0,73,114,2,0,0,90,166,1,0,0,64,91,0,0,0,34,78,0,0,0,25,65,2,0,0,15,25,0,0,0,9,20,0,0,0,12,91,0,0,0,363,716,24,5,0,151.339031339031,157.1536,96.0833333333333,0,NA,8.041475,11.816328,5.14887,3.998904,NA
"23","E01002608",0,0,0,1,0,0,0,1,0,0,0,0,1,0,0,4,0,5,0,0,12,20,6,0,0,19,24,3,0,1,61,74,1,0,0,45,111,1,0,0,32,93,0,0,0,21,69,0,0,0,17,30,1,0,0,8,12,0,0,0,3,9,0,0,0,8,37,0,0,0,230,479,19,1,1,145.783783783784,153.911764705882,98.7368421052632,0,110,8.932404,10.921349,7.016102,1.253935,4.013689
"24","E01002606",0,0,0,0,0,0,0,2,0,0,0,0,0,0,0,4,0,5,0,0,18,19,5,0,0,29,23,7,0,0,42,48,1,0,0,47,91,1,0,0,45,70,0,0,0,13,52,1,0,0,14,31,0,1,0,2,7,0,0,0,3,3,0,0,0,3,32,0,0,0,220,376,22,1,0,140.308755760369,152.235465116279,96.7272727272727,198,NA,7.643966,11.170722,7.098725,11.0308,NA
"25","E01030994",0,0,0,4,0,0,0,4,0,0,0,0,0,0,0,3,1,5,0,0,19,29,3,0,0,29,47,2,0,0,62,127,0,0,0,70,177,1,0,0,53,126,0,0,0,22,84,0,0,0,18,52,0,0,0,5,17,0,0,0,3,14,0,0,0,4,54,0,1,0,288,728,15,5,0,142.443661971831,152.703264094956,82.7333333333333,0,NA,7.62125,10.239019,3.824959,5.546337,NA
"26","E01003831",0,0,0,2,0,0,0,2,0,0,0,0,0,0,0,2,1,3,0,0,11,14,5,0,0,27,36,2,0,1,37,116,1,0,0,64,138,0,0,0,33,98,0,0,0,23,58,1,0,0,22,31,1,0,0,1,12,0,0,0,2,12,0,0,0,1,43,0,0,0,223,559,15,2,1,145.157657657658,151.426356589147,99.8,0,103,7.273609,10.162379,5.029248,3.206023,2.023271
"27","E01003830",0,0,0,2,0,0,0,5,0,0,0,0,0,0,0,3,0,2,0,0,7,15,4,0,0,12,57,3,0,1,58,112,1,0,0,60,136,4,0,0,57,85,0,0,0,17,74,0,0,0,26,41,1,0,0,5,12,0,0,0,2,15,0,0,0,2,64,0,0,0,249,611,20,2,1,149.724696356275,151.91407678245,96.35,0,102,7.67659,10.618079,4.737713,1.481176,6.214921
"28","E01030458",0,0,0,0,0,0,0,4,0,1,0,0,3,0,0,0,1,4,0,0,8,12,5,0,0,17,24,1,0,0,60,111,3,0,0,79,104,1,1,0,62,77,1,0,0,39,42,0,0,0,39,61,0,0,0,18,25,0,1,0,12,48,0,1,0,5,126,0,1,0,339,631,22,4,1,160.023952095808,168.261386138614,88.2727272727273,254,48,7.606704,12.927256,3.050214,16.174537,4.988364
"29","E01030459",0,0,0,1,0,0,0,4,0,0,0,0,0,0,0,3,0,0,0,0,12,15,4,0,0,16,39,2,0,0,49,99,3,0,0,68,106,3,0,0,38,102,0,0,0,23,47,0,0,0,16,42,1,0,0,11,13,0,0,0,11,20,0,0,0,8,50,0,0,0,255,533,17,1,0,153.380566801619,155.964803312629,99.6470588235294,0,NA,8.674187,10.62105,3.725087,2.557152,NA
"30","E01002591",0,0,0,2,0,0,0,3,0,0,0,0,0,0,0,1,0,3,0,0,9,15,5,0,0,22,33,5,0,0,70,90,2,0,0,75,134,0,0,0,53,98,0,0,0,23,64,0,0,0,21,36,0,0,0,7,20,0,0,0,8,15,0,0,0,2,41,1,1,0,291,546,19,3,0,149.107266435986,155.671287128713,89.1111111111111,0,NA,8.678778,11.212887,6.066432,8.100387,NA
"31","E01002592",0,0,0,6,0,0,0,3,0,0,0,0,2,0,0,2,0,75,0,1,12,13,28,0,0,33,34,6,0,1,80,84,6,0,0,79,110,0,0,0,51,108,1,0,0,30,48,0,0,0,18,36,1,0,0,5,8,0,0,0,6,9,0,0,0,7,46,0,0,0,323,496,122,6,2,144.139240506329,152.32,91.5819672131148,0,93.5,8.624935,10.395884,6.07823,13.601642,3.60438
"32","E01002593",0,0,0,1,0,0,0,0,0,0,0,0,2,0,0,0,0,5,0,0,11,12,9,0,0,16,20,5,0,0,69,74,3,0,0,66,120,1,0,0,44,102,0,0,0,22,52,1,0,0,17,31,0,0,0,10,10,0,0,0,7,6,0,0,0,4,35,1,1,0,266,462,27,2,0,149.442748091603,153.690866510539,100.346153846154,0,NA,8.49765,10.927314,6.432415,1.004791,NA
"33","E01002590",0,0,0,2,0,0,0,0,0,0,0,0,2,0,0,7,0,5,0,0,9,15,10,0,0,26,25,8,0,0,68,87,1,0,0,74,115,0,0,0,47,101,0,0,0,21,53,0,2,0,13,40,1,0,0,5,16,0,0,0,7,5,0,0,0,2,40,0,1,0,279,497,27,5,0,144.794223826715,153.481400437637,99.037037037037,91,NA,8.367126,11.504398,7.519717,8.555783,NA
"34","E01030370",0,0,0,4,0,0,0,2,0,0,0,0,4,0,0,1,1,1,0,0,7,17,2,0,0,17,54,2,0,0,63,98,3,0,0,74,130,2,0,0,49,77,0,0,0,39,59,0,1,0,28,41,2,0,0,7,16,0,0,0,11,21,0,0,0,5,71,0,2,0,301,585,18,7,0,155.39527027027,153.988326848249,104.722222222222,35,NA,6.992753,10.70335,4.470453,8.388383,NA
"35","E01002557",0,0,0,1,0,0,0,0,0,0,0,0,1,0,0,1,1,4,0,0,16,17,6,0,0,32,25,1,0,0,71,78,0,0,0,82,125,0,0,0,56,110,0,0,0,20,59,0,0,0,15,38,0,0,0,11,10,0,0,0,10,14,0,0,0,8,52,0,1,0,322,529,12,2,0,147.178343949045,155.503144654088,90.75,0,NA,7.969533,11.717948,4.340177,1.752224,NA
"36","E01030723",0,0,0,4,0,0,0,3,0,0,0,0,1,0,0,0,0,3,0,0,21,23,1,0,0,22,59,0,0,0,51,147,3,0,0,63,163,2,0,0,52,93,0,0,0,38,66,0,0,0,20,56,1,0,0,8,12,0,0,0,4,8,0,1,0,4,59,0,0,0,283,686,14,5,0,149.523297491039,148.055821371611,99,61.8,NA,8.131097,10.452333,3.757113,5.402327,NA
"37","E01002601",0,0,0,0,0,0,0,7,0,0,0,0,0,0,0,1,0,2,0,0,16,26,4,0,0,33,29,4,0,0,70,102,4,0,0,75,133,1,0,0,51,77,0,0,0,21,46,0,0,0,15,34,0,0,0,12,11,0,0,0,1,9,0,0,0,4,29,0,0,0,299,496,22,0,0,143.128813559322,149.301927194861,83.8181818181818,NA,NA,8.098168,9.854515,4.756078,NA,NA
"38","E01030990",0,0,0,10,0,0,0,4,0,0,0,0,0,0,0,1,0,3,0,0,5,13,4,0,0,21,45,9,0,0,52,121,5,0,0,63,94,2,0,0,49,88,0,0,1,30,47,0,0,0,28,51,6,0,0,13,23,0,0,0,3,38,0,0,0,5,67,0,0,0,270,587,33,10,1,154.524528301887,161.751923076923,112.757575757576,0,164,6.553978,10.259704,5.67407,1.970704,1.577002
"39","E01030693",0,0,0,5,0,0,0,0,0,0,0,0,1,0,0,4,0,2,0,0,10,25,3,0,0,22,35,1,0,0,51,103,1,0,0,59,112,1,0,0,33,90,0,0,0,21,55,0,0,0,13,29,1,0,0,4,20,0,0,0,3,19,0,0,0,1,46,0,0,0,221,534,10,5,0,143.863636363636,154.196721311475,107.6,0,NA,7.212997,10.333215,5.277206,6.799178,NA
"40","E01030746",0,0,0,3,0,0,0,0,0,0,0,0,0,0,0,1,0,3,0,0,19,21,5,0,0,32,23,6,0,0,77,99,2,0,0,73,119,0,0,0,53,102,0,0,0,25,72,0,0,0,18,34,2,0,0,8,11,0,0,0,2,8,0,0,0,7,37,0,0,0,315,526,18,3,0,143.038961038961,152.376278118609,111.722222222222,0,NA,8.440976,10.444104,7.563464,3.517225,NA
"41","E01030652",0,0,0,1,0,0,0,1,0,0,0,0,1,0,0,2,0,1,0,0,15,25,2,0,0,29,50,4,0,0,94,119,1,0,1,83,161,1,0,0,60,104,0,0,0,34,54,0,0,0,21,45,0,0,0,10,9,0,0,0,6,11,0,0,0,8,53,0,2,0,362,631,11,3,1,146.502824858757,148.607266435986,97.2727272727273,0,119,7.831784,10.397135,6.65447,14.704996,6.072553
"42","E01030701",0,0,0,1,0,0,0,2,0,0,0,0,1,0,0,2,0,3,0,0,12,22,2,0,0,22,38,1,0,0,48,138,2,0,0,75,167,0,0,0,39,118,0,0,0,18,77,0,0,0,15,42,0,0,0,6,20,0,0,0,5,19,0,0,0,5,61,0,0,0,247,702,11,1,0,145.97520661157,153.226209048362,83.5454545454545,0,NA,8.398916,10.599786,2.87529,3.753593,NA
"43","E01030476",0,0,0,1,0,0,0,2,0,0,0,0,1,0,0,1,1,2,0,0,10,24,5,0,0,31,36,2,0,0,64,123,1,0,0,75,128,4,0,0,49,77,0,0,0,31,58,0,0,0,22,42,0,0,0,5,15,0,0,0,5,15,0,0,0,4,47,0,0,0,297,566,17,1,0,147.40614334471,152.554913294798,99.1176470588235,0,NA,7.107165,9.664224,3.738776,1.998631,NA
"44","E01030745",0,0,0,1,0,0,0,1,0,0,0,0,0,0,0,3,0,0,0,0,11,22,5,0,0,21,26,1,0,0,71,85,2,0,0,57,149,0,0,0,43,93,0,0,0,27,58,0,0,0,16,34,0,0,0,11,13,0,0,0,4,6,0,0,0,1,37,0,0,0,265,523,9,1,0,147.261363636364,150.792181069959,94.2222222222222,0,NA,8.873487,10.283209,6.099931,0.418891,NA
"45","E01030946",0,0,0,0,0,0,0,2,0,0,0,0,0,0,0,0,0,1,0,0,17,14,1,0,0,20,30,2,0,0,62,93,1,0,0,39,132,1,0,0,31,88,0,0,0,26,57,0,0,0,11,45,0,0,0,4,10,0,0,0,6,5,0,0,0,2,56,1,0,0,218,530,9,0,0,144.509259259259,152.147679324895,90.75,NA,NA,7.918646,10.250042,7.984789,NA,NA
"46","E01030726",0,0,0,1,0,0,0,0,0,0,0,0,0,0,0,3,0,3,0,0,19,20,5,0,0,34,42,3,0,0,56,151,4,0,0,72,170,1,0,0,55,132,0,0,0,35,65,0,0,0,14,44,0,0,0,3,14,0,0,0,5,14,0,0,0,0,55,0,0,0,296,707,16,1,0,143.945945945946,150.46472392638,103.625,0,NA,7.074198,9.608574,3.466118,0.328542,NA
"47","E01030375",0,0,0,6,0,0,0,3,0,0,0,0,1,0,0,1,0,2,0,0,8,30,5,0,0,30,40,2,0,0,71,152,1,0,0,72,158,1,0,0,62,98,0,0,0,43,61,0,0,0,23,46,2,0,0,9,21,0,0,0,7,18,0,0,0,4,61,0,3,0,330,685,17,9,0,150.769938650307,151.63141025641,101.176470588235,0,NA,7.522725,9.994626,6.012803,8.376302,NA
"48","E01003843",0,0,0,1,0,0,0,3,0,0,0,0,2,0,0,0,0,4,0,0,10,15,6,0,0,23,40,7,0,0,73,99,4,0,0,63,139,0,0,0,53,109,0,0,0,35,73,1,0,0,15,56,2,0,0,12,17,0,0,0,6,12,0,0,0,4,44,1,0,0,294,604,30,1,0,149.444827586207,154.682142857143,101.48275862069,0,NA,8.631157,10.285057,6.070727,0.966461,NA
"49","E01030739",0,0,0,1,0,0,0,3,0,0,0,0,0,0,0,5,0,2,0,0,7,29,1,0,2,23,28,2,0,0,69,100,0,0,0,61,152,2,0,0,34,116,0,0,0,16,60,0,0,0,19,30,0,1,0,6,13,0,0,0,4,7,0,0,0,6,39,0,0,0,250,574,10,2,2,144.319672131148,150.142056074766,88.4,96,96.5,8.667078,10.306021,6.296235,8.502395,2.956878
"50","E01030738",0,0,0,1,0,0,0,0,0,0,0,0,2,0,0,2,0,1,0,0,8,28,2,0,0,23,38,2,0,0,51,77,0,0,0,42,93,1,0,0,32,73,0,0,0,22,40,1,0,0,11,25,1,0,0,5,13,0,0,0,1,11,0,0,0,4,48,0,1,0,201,446,10,2,0,143.274111675127,150.515075376884,113.9,0,NA,7.880337,11.090965,5.9321,12.07529,NA
"51","E01030698",0,0,0,1,0,0,0,2,0,0,0,0,0,0,0,1,0,4,0,0,13,43,3,0,0,28,45,6,0,0,74,128,1,0,0,82,164,1,0,0,43,115,0,0,0,32,56,0,0,0,27,41,0,0,0,5,15,0,0,0,6,3,0,0,0,3,52,0,0,0,314,662,17,1,0,147.199356913183,145.77868852459,92.3529411764706,0,NA,8.201031,10.117631,5.681845,2.770704,NA
"52","E01030983",0,0,0,1,0,0,0,0,0,0,0,0,2,0,0,4,0,5,0,0,5,5,8,0,0,20,22,7,0,0,56,50,0,0,0,79,99,0,0,0,52,92,0,0,0,17,50,0,0,0,22,27,0,0,0,4,6,0,0,0,2,6,0,0,0,2,33,0,0,0,263,390,22,1,0,145.892720306513,154.893557422969,93.6363636363636,0,NA,9.511834,11.957763,7.661501,4.276522,NA
"53","E01030984",0,0,0,0,0,0,0,3,0,0,0,0,3,0,0,5,0,7,0,0,15,16,15,0,0,34,33,6,0,0,92,98,0,0,0,111,145,0,0,0,67,126,0,0,0,29,57,0,0,0,20,34,0,0,0,3,7,0,0,0,3,4,0,0,0,8,41,1,1,0,387,561,35,1,0,141.517150395778,149.3,86.7941176470588,NA,NA,8.606117,10.861725,5.924789,20.284736,NA
"54","E01030982",0,0,0,1,0,0,0,2,0,0,0,0,4,0,0,1,0,9,0,0,12,17,11,0,0,38,16,5,0,2,101,57,1,0,1,116,126,0,0,0,54,106,0,0,0,30,56,0,0,0,24,31,0,0,0,5,7,0,0,0,5,5,0,0,0,2,40,0,0,0,388,461,32,1,3,142.844559585492,153.591448931116,87.15625,0,110.333333333333,8.426276,11.611015,5.502549,2.496919,4.900752
"55","E01002561",0,0,0,0,0,0,0,3,0,0,0,0,3,0,0,1,0,7,0,0,12,12,15,0,0,14,15,7,0,0,39,56,0,0,0,35,92,0,0,0,24,84,0,0,0,13,53,0,0,0,8,25,0,0,0,2,6,0,0,0,1,7,0,0,0,1,19,0,0,0,150,369,35,0,0,139.872483221477,155.8,87.8,NA,NA,8.490202,10.547528,5.842494,NA,NA
"56","E01030317",0,0,0,0,0,0,0,2,0,0,0,0,2,0,0,2,1,2,0,0,18,27,2,0,0,23,57,5,0,0,76,109,2,0,0,79,142,0,0,0,69,116,1,0,0,29,70,0,0,0,26,55,0,0,0,3,13,0,0,0,4,18,0,1,0,2,48,0,0,0,331,656,16,1,0,145.835866261398,152.789473684211,94.3125,389,NA,7.685812,9.918328,4.149725,17.034907,NA
"57","E01030316",0,0,0,3,0,0,0,2,0,0,0,0,2,0,0,3,0,1,0,0,10,33,2,0,0,20,49,1,0,0,59,109,5,0,0,74,127,3,0,0,58,89,0,0,0,46,65,0,0,0,62,66,1,0,0,22,28,0,0,0,5,50,0,0,0,3,66,0,1,0,362,682,17,4,0,161.220055710306,164.852272727273,107.823529411765,0,NA,6.276734,9.221012,4.120787,6.430526,NA
"58","E01030314",0,0,0,3,0,0,0,2,0,0,0,0,0,0,0,2,0,2,0,0,14,34,5,0,1,26,40,1,0,0,62,128,0,0,0,63,135,3,0,0,45,80,0,0,0,26,65,0,0,0,19,52,1,0,0,17,18,0,0,0,3,21,0,0,0,1,50,0,2,0,278,623,14,5,1,149.743682310469,153.675392670157,102,0,100,6.625332,9.648689,5.883054,9.610403,3.534565
"59","E01030356",0,0,0,1,0,0,0,1,0,0,0,0,0,0,0,2,0,1,0,0,12,20,2,0,0,26,52,0,0,0,53,79,2,0,0,51,115,0,0,0,31,99,0,1,0,23,51,0,0,0,14,37,2,0,0,6,9,0,0,0,1,9,0,0,0,2,39,0,0,0,221,510,8,2,0,143.420091324201,150.087048832272,116,79.5,NA,7.482383,10.313028,7.895276,6.413415,NA
"60","E01030354",0,0,0,0,0,0,0,1,0,0,0,0,2,0,0,5,0,3,0,0,10,18,3,0,0,25,33,7,0,0,51,81,3,0,0,56,140,1,0,0,27,87,0,0,0,19,48,0,0,0,11,32,2,0,0,3,5,0,0,0,7,9,0,0,0,2,38,1,0,0,216,491,23,0,0,143.892523364486,149.426048565121,106.454545454545,NA,NA,8.512573,10.224749,7.473958,NA,NA
"61","E01030357",0,0,0,2,0,0,0,0,0,0,0,0,2,0,0,4,1,3,0,0,11,26,2,0,0,19,45,0,0,0,61,105,2,0,0,80,130,1,0,0,43,95,0,0,0,40,64,0,0,0,16,49,2,0,0,5,17,0,0,0,10,16,0,0,0,5,53,0,1,0,294,601,12,3,0,150.892733564014,153.917883211679,114.5,0,NA,7.519702,9.961497,4.591603,3.787816,NA
"62","E01030950",0,0,0,1,0,0,0,1,0,0,0,0,1,0,0,0,1,4,0,0,17,32,7,0,0,22,35,1,0,0,71,116,1,0,0,67,136,1,0,0,42,115,0,0,0,16,70,1,0,0,14,55,0,0,0,6,13,0,0,0,2,10,0,0,0,2,46,0,1,0,259,629,17,2,0,142.214007782101,151.610634648371,96.0588235294118,0,NA,8.123329,10.08501,5.250875,11.830253,NA
"63","E01030309",0,0,0,8,0,0,0,8,0,1,0,0,1,0,0,3,1,2,0,0,8,21,5,0,0,13,60,5,0,0,50,118,7,0,1,63,133,4,0,0,75,96,0,0,0,59,60,0,0,0,53,86,5,0,0,28,38,0,0,0,18,81,0,0,0,5,84,0,2,0,375,778,37,10,2,169.902702702703,173.873198847262,102.783783783784,0,79.5,6.312643,9.908416,5.182307,6.482408,5.759069
"64","E01030298",0,0,0,0,0,0,0,1,0,0,0,0,1,0,0,3,0,1,0,0,6,23,2,0,0,19,38,0,0,0,62,105,2,0,0,61,147,0,0,0,27,104,1,0,0,23,49,0,0,0,23,52,0,0,0,5,11,0,0,0,3,12,0,0,0,2,52,0,1,0,234,593,8,1,0,146.793103448276,151.920517560074,96.625,NA,NA,7.33779,9.870299,2.685831,22.009582,NA
"65","E01030954",0,0,0,2,0,0,0,2,0,0,0,0,1,0,0,1,0,1,0,0,13,22,6,0,0,33,55,2,0,0,85,124,1,0,0,86,155,0,0,0,64,114,0,0,0,15,58,0,0,0,22,49,1,0,0,10,16,0,0,0,4,11,0,0,0,6,47,0,0,0,339,651,14,2,0,144.624624624625,150.716887417219,92.4285714285714,0,NA,8.146527,9.839911,5.345548,1.05681,NA
"66","E01033030",0,0,0,0,0,0,0,1,0,0,0,0,1,0,0,2,0,4,0,0,6,8,5,0,0,19,8,1,0,0,32,41,1,0,0,39,60,0,0,0,23,56,0,0,0,14,23,0,0,0,13,16,0,0,0,2,2,0,0,0,1,0,0,0,0,0,13,0,0,0,151,227,13,0,0,144.218543046358,149.920560747664,85.8461538461538,NA,NA,7.925334,10.165978,4.176485,NA,NA
"67","E01030657",0,0,0,0,0,0,0,0,0,0,0,0,1,0,0,1,0,0,0,0,7,15,0,0,0,27,30,1,0,0,60,90,0,0,0,65,97,0,0,0,39,92,0,0,0,24,42,0,0,0,9,39,0,0,0,3,12,0,0,0,1,13,0,0,0,8,40,0,0,0,244,470,2,0,0,141.622881355932,153.990697674419,90,NA,NA,8.561404,10.952523,6.2026,NA,NA
"68","E01002616",0,0,0,1,0,0,0,0,0,0,0,0,1,0,0,5,0,4,0,0,7,15,4,0,0,17,31,5,0,0,41,89,2,0,0,60,121,0,0,0,34,88,0,0,0,10,50,0,0,0,17,26,0,0,0,3,6,0,0,0,4,6,0,0,0,22,44,1,0,0,220,476,17,1,0,145.060606060606,148.916666666667,96.125,0,NA,8.420209,10.878114,5.830839,5.075975,NA
"69","E01002617",0,0,0,3,0,0,0,1,0,0,0,0,1,0,0,2,0,2,0,0,10,26,5,0,0,33,35,4,0,0,77,105,4,0,0,73,120,0,0,0,43,111,0,0,0,24,69,0,0,0,20,42,2,0,0,9,12,0,0,0,8,17,0,0,0,5,72,0,1,0,304,609,19,4,0,147.301003344482,154.33147113594,107.947368421053,0,NA,7.803819,11.543441,6.376886,13.696782,NA
"70","E01030669",0,0,0,3,0,0,0,2,0,0,0,0,1,0,0,2,0,4,0,0,5,8,3,0,0,18,28,2,0,0,43,108,0,0,0,56,125,1,0,0,31,64,0,0,0,19,40,0,0,0,16,37,0,1,0,5,11,0,0,0,1,10,0,0,0,2,54,0,0,0,198,485,13,4,0,146.34693877551,151.37819025522,85.7692307692308,51.5,NA,8.119773,10.574544,5.525192,4.016426,NA
"71","E01002600",0,0,0,0,0,0,0,0,0,0,0,0,1,0,0,0,0,2,0,0,8,13,4,0,0,15,26,1,0,0,51,72,1,0,0,58,94,1,0,0,38,73,0,0,0,19,46,0,1,0,12,24,0,0,0,6,12,0,0,0,2,6,0,0,0,4,28,0,0,0,213,394,10,1,0,145.789473684211,151.505464480874,96.1,184,NA,8.915875,10.532084,6.033918,10.124572,NA
"72","E01002604",0,0,0,1,0,0,0,0,0,0,0,0,1,0,0,1,0,3,0,0,11,6,5,0,0,15,16,3,0,0,49,52,2,0,0,36,84,1,0,0,32,71,0,0,0,23,39,0,1,0,15,26,0,0,0,3,14,0,0,0,6,13,0,0,0,3,30,0,0,0,194,351,15,2,0,148.853403141361,160.392523364486,99.7333333333333,92,NA,8.909855,11.397774,6.511,5.885009,NA
"73","E01030708",0,0,0,0,0,0,0,2,0,0,0,0,1,0,0,1,0,3,0,0,16,26,1,0,0,34,43,1,0,0,64,137,4,0,0,82,140,1,1,0,56,114,0,0,0,28,57,0,0,0,14,49,1,2,0,4,9,0,0,0,9,14,0,0,0,8,43,0,1,0,316,632,14,4,0,146.00974025974,150.059422750424,99,182.333333333333,NA,8.60529,9.906975,4.475994,16.706365,NA
"74","E01003810",0,0,0,0,0,0,0,2,0,0,0,0,0,0,0,1,2,0,0,0,5,13,2,0,0,13,37,2,0,0,43,98,1,0,0,53,119,1,0,0,40,77,0,0,0,23,58,0,0,0,14,39,3,0,0,14,10,0,0,0,3,9,0,0,0,1,38,0,0,0,210,500,11,0,0,153.736842105263,151.727272727273,117,NA,NA,7.622006,9.945974,6.986745,NA,NA
"75","E01003845",0,0,0,1,0,0,0,3,0,0,0,0,6,0,0,4,1,3,0,0,8,12,9,0,0,27,38,3,0,0,66,108,2,0,0,56,139,1,0,0,44,114,0,0,0,27,59,0,0,0,17,56,2,0,0,11,17,0,0,0,2,16,0,0,0,6,44,0,1,0,268,604,29,2,0,146.545801526718,155.521428571429,94.8275862068966,0,NA,7.692814,10.304713,5.643087,11.01848,NA
"76","E01030721",0,0,0,2,0,0,0,3,0,0,0,0,2,0,0,3,0,0,0,0,18,28,13,0,0,28,56,2,0,0,69,131,2,0,0,79,154,1,0,0,42,95,0,0,0,27,52,0,0,0,36,59,0,0,0,11,29,0,0,0,12,30,0,1,0,6,74,0,1,0,331,708,23,4,0,151.996923076923,156.479495268139,89.1739130434783,105.666666666667,NA,7.580827,10.79403,5.9109,10.861738,NA
"77","E01003815",0,0,0,1,0,0,0,4,0,0,0,0,4,0,0,5,0,3,0,0,13,21,1,0,0,22,34,4,0,0,55,101,2,0,0,55,112,0,0,0,40,82,0,0,0,16,48,0,0,0,18,42,0,0,0,4,16,0,0,0,4,7,0,0,0,4,45,0,0,0,236,508,18,1,0,143.922413793103,151.300215982721,80.3333333333333,0,NA,8.245618,10.281406,5.370902,5.891854,NA
"78","E01003903",0,0,0,0,0,0,0,1,0,0,0,0,1,0,0,2,1,4,0,0,2,10,2,0,1,14,19,1,0,0,47,75,0,0,0,61,108,3,0,0,35,93,0,0,0,20,57,0,0,0,13,38,2,0,0,6,13,0,0,0,8,17,0,2,0,3,44,0,0,0,211,475,14,2,1,151.25,158.487238979118,111.285714285714,336.5,99,8.157237,10.97685,6.90877,14.503764,5.160848
"79","E01030715",0,0,0,3,0,0,0,0,0,0,0,0,1,0,0,1,1,2,0,0,8,35,4,0,0,23,33,3,0,0,52,127,1,0,1,71,168,1,0,0,34,110,0,0,0,25,60,0,0,0,18,31,0,0,0,6,5,0,0,0,8,8,0,0,0,3,37,0,0,0,249,615,12,3,1,149.865853658537,145.989619377163,98.3333333333333,0,119,8.073613,9.507593,5.650695,2.653889,5.752224
"80","E01030714",0,0,0,0,0,0,0,1,0,0,0,0,0,0,0,4,0,3,0,0,9,22,1,0,0,20,26,1,0,0,46,93,3,0,0,49,133,0,0,0,33,89,0,0,0,16,42,0,0,0,10,25,1,0,0,7,8,0,0,0,4,14,0,0,0,1,38,0,1,0,199,490,10,1,0,145.924242424242,150.303097345133,105,NA,NA,7.845056,10.130013,4.686105,18.524298,NA
"81","E01030712",0,0,0,4,0,0,0,1,0,0,0,0,1,0,0,0,0,7,0,0,9,17,1,0,0,23,29,3,0,0,54,96,1,0,0,63,128,0,0,0,40,89,0,0,0,22,69,0,0,0,18,41,0,0,0,4,19,0,0,0,8,12,0,0,0,7,36,0,1,0,248,536,14,5,0,149.514522821577,154.858,87.7142857142857,0,NA,7.978163,10.12477,5.134447,6.770704,NA
"82","E01030446",0,0,0,4,0,0,0,4,0,0,0,0,3,0,0,1,1,3,0,0,15,26,2,0,0,25,31,5,0,0,60,133,4,0,0,78,120,1,0,0,81,84,0,0,0,44,49,0,0,0,44,53,4,1,0,21,34,0,0,0,16,37,0,2,0,5,69,1,0,0,390,637,27,7,0,160.961038961039,161.619718309859,105.192307692308,122.857142857143,NA,7.083885,10.408485,5.236349,7.819692,NA
"83","E01030444",0,0,0,2,0,0,0,8,0,0,0,0,0,0,0,2,0,1,0,0,12,21,5,0,0,17,40,2,0,0,91,138,1,0,0,83,131,0,0,0,62,92,0,0,0,45,59,0,0,0,36,31,1,0,0,13,19,0,0,0,8,31,0,1,0,11,74,0,0,0,380,636,18,3,0,153.712737127371,155.224199288256,77.7222222222222,92.6666666666667,NA,7.746282,10.745678,3.404517,6.701345,NA
"84","E01030692",0,0,0,11,0,0,0,7,0,0,0,0,8,0,0,1,0,3,0,0,9,14,5,0,0,12,32,1,0,0,46,85,9,0,0,58,76,3,0,0,59,77,0,0,2,53,36,0,0,0,46,45,4,0,0,38,39,0,0,0,9,127,0,1,0,4,80,1,1,0,335,611,41,13,2,169.809667673716,198.393596986817,99.5,25.4166666666667,164,6.116759,9.870437,3.839629,4.784709,2.873374
"85","E01030658",0,0,0,4,0,0,0,0,0,0,0,0,1,0,0,1,0,2,0,0,11,21,2,0,0,27,32,2,0,0,44,114,2,0,0,66,141,1,0,0,37,93,0,0,0,26,58,0,0,0,18,45,3,1,0,7,25,0,1,0,7,23,0,0,0,9,71,0,0,0,253,623,13,6,0,150.094262295082,157.18115942029,121.384615384615,77.8333333333333,NA,8.326086,10.780691,6.121623,5.584302,NA
"86","E01030312",0,0,0,1,0,0,0,0,0,0,0,0,0,0,0,2,0,0,0,0,11,16,1,0,1,17,41,0,0,0,48,82,1,0,0,50,130,0,0,0,25,82,0,0,0,26,39,0,0,0,18,39,0,0,0,6,13,0,0,0,1,17,0,1,0,4,38,1,0,0,208,497,3,2,1,147.117647058824,153.877995642702,103.5,176,99,8.372386,10.33608,5.026693,7.633127,2.89117
"87","E01030315",0,0,0,0,0,0,0,3,0,0,0,0,0,0,0,3,0,1,0,0,15,33,2,0,0,14,71,1,0,0,64,130,0,0,0,65,147,2,0,0,57,95,0,0,0,23,62,0,0,0,23,49,0,0,0,12,18,0,0,0,4,15,0,0,0,5,54,0,0,0,285,674,9,0,0,150.203571428571,149.293548387097,88,NA,NA,7.350422,9.91982,4.762643,NA,NA
"88","E01030313",0,0,0,2,0,0,0,3,0,0,0,0,0,0,0,6,2,2,0,0,11,24,4,0,0,24,46,1,0,0,62,109,2,0,0,69,113,0,0,0,37,105,0,0,0,20,53,0,1,0,18,50,1,0,0,9,12,0,0,0,1,9,0,0,0,2,47,0,0,0,259,570,13,3,0,143.696498054475,150.72275334608,92.5384615384615,57,NA,6.851222,9.971469,5.208023,6.527035,NA
"89","E01030351",0,0,0,2,0,0,0,3,0,0,0,0,0,0,0,2,0,0,0,0,8,20,1,0,0,9,29,0,0,0,45,106,1,0,0,50,112,1,0,0,46,99,0,0,0,22,50,0,0,0,27,43,0,0,0,7,18,0,0,0,5,15,0,0,0,3,83,0,1,0,224,575,6,3,0,155.565610859729,154.707317073171,75.6666666666667,0,NA,7.912795,11.824009,5.075974,9.215605,NA
"90","E01030353",0,0,0,6,0,0,0,7,0,0,0,0,5,0,0,1,0,2,0,0,9,22,4,0,0,17,45,1,0,0,53,120,2,0,0,70,103,3,0,0,50,74,0,0,0,26,65,0,0,0,28,42,1,0,0,11,16,0,0,0,6,16,0,0,0,2,43,0,1,0,273,546,25,7,0,153.771217712177,153.039761431412,85.76,0,NA,6.102608,9.347092,3.66182,3.625305,NA
"91","E01030350",0,0,0,11,0,0,0,84,0,0,0,0,51,0,0,86,0,143,0,0,537,40,40,0,2,420,74,11,0,1,421,443,14,0,0,169,155,3,0,0,80,79,0,0,0,48,48,0,0,0,26,62,1,0,0,9,19,0,0,0,13,20,0,0,0,4,54,0,2,0,1813,994,347,13,3,116.433941404091,139.944680851064,75.8530259365994,0,101,3.801529,6.629346,2.030443,3.261692,4.196212
"92","E01030355",0,0,0,6,0,0,0,3,0,0,0,0,1,0,0,0,0,1,0,0,10,28,9,0,0,22,48,0,0,0,50,127,0,0,0,59,140,0,0,0,37,92,0,0,0,20,50,0,0,0,16,40,0,0,0,6,14,0,0,0,2,11,0,0,0,1,42,0,0,0,223,592,14,6,0,145.905405405405,148.230909090909,80.2857142857143,0,NA,7.164341,9.557594,5.346826,1.895961,NA
"93","E01030352",0,0,0,3,0,0,0,2,0,0,0,0,2,0,0,1,0,4,0,0,4,12,2,0,0,22,35,1,0,0,33,105,2,0,0,48,122,1,0,0,40,82,0,0,0,27,58,0,0,0,31,47,2,0,0,11,19,0,0,0,4,22,0,0,0,3,46,0,0,0,224,548,16,3,0,158.398190045249,158.051792828685,101,0,NA,7.329311,9.633022,5.030971,4.617841,NA
"94","E01030709",0,0,0,2,0,0,0,1,0,0,0,0,1,0,0,0,0,2,0,0,21,20,6,0,0,30,38,3,0,0,79,92,1,0,0,65,143,1,0,0,53,107,0,0,0,32,41,1,0,0,23,41,0,1,0,9,6,0,0,0,6,6,0,0,0,3,49,0,0,0,321,543,16,3,0,146.188679245283,149.125506072874,98.8125,65.3333333333333,NA,8.206643,10.698419,5.834872,5.648185,NA
"95","E01030645",0,0,0,1,0,0,0,1,0,0,0,0,1,0,0,3,0,4,0,0,10,15,2,0,0,22,38,0,0,0,55,123,2,0,0,67,144,0,0,0,58,96,0,0,0,20,59,0,0,0,10,38,0,0,0,7,18,0,0,0,3,10,0,0,0,3,64,2,1,0,258,605,12,2,0,144.862745098039,151.39741219963,87.4,0,NA,8.388222,10.939182,3.768651,9.542778,NA
"96","E01030647",0,0,0,4,0,0,0,4,0,0,0,0,1,0,0,1,0,5,0,0,10,28,0,0,0,27,48,2,0,0,61,148,2,0,0,82,154,2,0,0,60,112,0,0,0,22,61,1,0,0,22,61,0,0,0,7,28,0,0,0,9,23,0,0,0,9,74,0,1,0,310,737,17,5,0,150.066445182724,155.642533936652,91.8823529411765,0,NA,7.722333,10.513766,4.999798,7.094865,NA
"97","E01030749",0,0,0,0,0,0,0,1,0,0,0,0,0,0,0,0,1,1,0,0,12,20,5,0,0,23,15,2,0,0,50,96,0,0,0,61,136,0,0,0,39,77,0,0,0,13,54,0,0,0,18,33,0,0,0,4,10,0,1,0,5,5,0,0,0,2,48,0,0,0,227,495,9,1,0,146.537777777778,150.203579418345,88.8888888888889,240,NA,8.258447,10.106445,6.029051,13.574264,NA
"98","E01030347",0,0,0,4,0,0,0,18,0,1,0,0,4,0,0,52,0,2,0,0,158,36,3,0,0,104,52,2,0,0,216,147,0,0,0,142,139,1,0,0,101,106,0,0,0,30,83,0,0,0,37,93,2,0,0,19,35,0,0,0,10,41,0,0,0,2,59,0,1,0,871,791,32,5,1,130.142692750288,162.016393442623,70.25,0,50,4.36429,9.464673,3.343685,6.020533,0.999315
"99","E01030346",0,0,0,5,0,0,0,6,0,0,0,0,3,0,0,1,1,4,0,0,6,23,6,0,0,21,28,3,0,0,40,98,9,0,0,65,86,2,0,0,67,81,0,0,0,72,52,0,0,0,40,56,3,0,0,31,49,0,0,0,17,117,0,0,0,5,118,1,1,0,365,709,37,6,0,170.258333333333,191.126903553299,98.6944444444444,0,NA,6.349375,11.613946,4.215105,5.87999,NA
"100","E01002611",0,0,0,1,0,0,0,0,0,0,0,0,1,0,0,0,0,4,0,0,14,13,5,0,0,20,32,7,0,0,55,78,0,0,0,68,130,1,0,0,51,111,0,0,0,18,56,0,0,0,21,40,2,0,0,6,10,0,0,0,1,11,0,0,0,8,32,0,0,0,262,513,20,1,0,145.625984251969,154.765072765073,107.7,0,NA,8.928371,10.508074,7.729362,4.43258,NA
"101","E01002610",0,0,0,1,0,0,0,2,0,0,0,0,1,0,0,0,0,4,0,0,9,7,4,0,1,23,25,6,0,0,41,79,1,0,0,52,106,1,0,0,29,83,0,0,0,26,53,0,0,0,11,32,1,0,0,4,11,0,0,0,5,7,0,0,0,6,22,0,0,0,206,425,20,1,1,146.965,154.06699751861,97.85,0,99,8.514688,10.633663,6.023271,0.944558,4.021902
"102","E01002609",0,0,0,1,0,0,0,0,0,0,0,0,1,0,0,4,0,3,0,0,12,15,6,1,0,27,34,4,0,0,59,105,1,0,0,60,138,3,0,0,36,77,0,0,0,22,61,0,0,0,22,48,1,0,0,4,14,0,1,0,3,10,0,0,0,6,58,0,1,0,255,560,19,4,0,144.277108433735,152.942231075697,108.473684210526,108.333333333333,NA,8.533622,11.918851,6.387549,12.318274,NA
"103","E01030362",0,0,0,1,0,0,0,2,0,0,0,0,0,0,0,0,1,2,0,0,5,19,2,0,1,15,27,6,0,0,51,79,0,0,0,58,112,0,0,0,44,93,0,0,0,20,44,0,0,0,12,40,0,0,0,8,13,0,0,0,8,8,0,0,0,3,51,1,0,0,224,487,13,1,1,151.93665158371,152.435779816514,88.3333333333333,0,99,9.365172,11.122609,7.972164,4.290212,5.68104
"104","E01030365",0,0,0,1,0,0,0,1,0,0,0,0,0,0,0,1,0,0,0,0,9,16,1,0,0,30,37,4,0,1,62,113,1,0,0,60,152,1,0,0,43,108,0,0,0,19,63,0,0,0,16,46,0,0,0,6,18,0,0,0,5,8,0,2,0,5,51,0,0,0,256,612,8,3,1,145.191235059761,152.29055258467,101.875,250.333333333333,110,7.603374,10.670018,6.511293,10.869267,5.092402
"105","E01030364",0,0,0,0,0,0,0,0,0,0,0,0,0,0,0,0,1,2,0,0,17,31,2,0,0,16,26,8,0,0,58,101,1,0,0,51,132,0,0,0,39,81,0,0,0,25,48,0,0,0,7,43,0,0,0,10,6,0,0,0,7,7,0,0,0,4,38,0,0,0,234,514,13,0,0,147.786956521739,148.424369747899,99.8461538461538,NA,NA,9.038585,10.483059,8.916547,NA,NA
"106","E01030367",0,0,0,3,0,0,0,5,0,0,0,0,0,0,0,3,0,2,0,0,12,24,2,0,0,22,37,1,0,0,53,127,3,0,0,70,125,6,0,0,62,92,0,0,0,46,68,0,0,0,22,55,1,0,0,11,27,0,0,0,4,34,0,1,0,4,83,0,2,0,309,672,20,6,0,151.914754098361,160.942275042445,104.75,97,NA,6.988585,10.79012,5.034042,10.299794,NA
"107","E01030366",0,0,0,10,0,0,0,23,0,0,0,0,1,0,0,3,0,6,0,0,41,42,5,0,0,146,77,20,0,0,177,223,0,0,0,89,209,1,0,0,130,125,0,0,0,41,116,0,0,0,45,81,11,0,0,8,21,0,0,0,5,20,0,0,0,2,68,0,1,0,687,982,67,11,0,138.024817518248,150.557986870897,90.910447761194,0,NA,3.77142,7.592584,1.987311,4.42561,NA
"108","E01030360",0,0,0,3,0,0,0,3,0,0,0,0,1,0,0,1,1,3,0,0,9,22,6,0,0,18,50,7,0,0,48,122,2,0,0,84,141,3,0,0,53,93,0,0,1,44,55,0,1,0,38,59,0,0,0,15,20,0,0,0,7,66,0,0,0,5,70,0,1,0,322,699,25,5,1,158.700315457413,166.0826709062,97.28,45.25,169,6.806271,9.540832,6.619356,9.074879,4.191649
"109","E01030363",0,0,0,0,0,0,0,1,0,0,0,0,1,0,0,3,0,1,0,0,17,17,1,0,0,25,42,1,0,0,45,115,0,0,0,69,159,0,0,0,59,108,0,0,0,25,68,0,0,0,25,54,2,0,0,11,18,0,2,0,1,11,0,1,0,6,63,0,1,0,286,655,7,4,0,148.721428571429,153.537162162162,114.857142857143,240.666666666667,NA,8.576843,11.408224,5.481959,16.581792,NA
"110","E01030743",0,0,0,1,0,0,0,1,0,0,0,0,3,0,0,2,1,0,0,0,12,23,6,0,0,30,28,3,0,0,71,111,2,0,0,69,118,0,0,0,57,107,0,0,0,24,57,0,0,0,20,37,0,0,0,10,19,0,1,0,3,10,0,0,0,2,34,0,1,0,300,545,15,3,0,146.265100671141,152.954990215264,93.0666666666667,125.5,NA,8.008011,10.158197,4.41524,12.363221,NA
"111","E01003829",0,0,0,0,0,0,0,0,0,0,0,0,2,0,0,1,1,4,0,0,8,8,4,0,0,20,26,4,0,0,51,84,1,0,0,44,103,1,0,0,29,88,0,0,0,25,44,0,0,0,17,38,0,0,0,4,8,0,0,0,3,11,0,0,0,2,47,1,2,0,204,458,17,2,0,147.782178217822,153.481751824818,96.625,NA,NA,8.149219,10.929379,6.297569,19.905543,NA
"112","E01030765",0,0,0,1,0,0,0,0,0,0,0,0,0,0,0,2,1,3,0,0,9,19,5,0,0,22,42,2,0,0,62,102,1,0,0,66,129,1,0,0,47,102,0,0,0,23,57,0,0,0,14,49,0,0,0,9,21,0,0,0,5,15,0,0,0,4,49,0,0,0,263,586,12,1,0,147.239382239382,155.011173184358,97.6666666666667,0,NA,8.176925,10.795105,5.283367,0.27926,NA
"113","E01030646",0,0,0,0,0,0,0,4,0,0,0,0,1,0,0,5,0,5,0,0,12,27,7,0,0,32,63,2,0,0,107,163,2,0,1,95,183,1,0,0,53,143,0,0,0,26,76,0,0,0,20,65,1,0,0,6,21,0,0,0,6,13,0,0,0,9,75,0,3,0,371,829,23,3,1,142.411602209945,150.427055702918,91.0434782608696,NA,111,8.451959,10.486273,5.248578,20.250513,6.198494
"114","E01031003",0,0,0,5,0,0,0,3,0,0,0,0,3,0,0,0,1,9,0,0,6,20,4,0,0,23,45,4,0,0,78,141,0,0,0,102,151,0,0,0,79,91,0,0,1,48,63,0,0,0,38,67,5,0,0,16,27,0,0,0,2,25,0,0,0,1,63,0,0,0,393,694,28,5,1,153.68112244898,157.068145800317,98.6071428571429,0,164,6.670316,9.668564,5.4449,2.499657,3.419575
"115","E01031002",0,0,0,3,0,0,0,3,0,0,0,0,2,0,0,1,0,1,0,0,11,17,8,0,0,25,53,1,0,0,91,132,7,0,0,70,159,4,0,0,58,97,0,0,0,48,78,2,0,0,36,61,1,1,0,13,30,0,0,0,7,53,0,0,0,4,72,0,1,0,364,752,29,5,0,153.030555555556,163.989705882353,109.862068965517,48,NA,6.974132,9.826895,5.27461,8.445721,NA
"116","E01030371",0,0,0,4,0,0,0,0,0,0,0,0,0,0,0,2,0,3,0,0,11,29,0,0,0,19,48,4,0,0,56,104,1,0,0,52,139,0,0,0,32,98,0,0,0,20,65,0,0,0,14,42,1,0,0,2,21,0,0,0,3,19,0,0,0,4,43,0,2,0,215,608,9,6,0,143.004739336493,153.633628318584,110.333333333333,0,NA,8.044047,9.786709,6.716251,5.635044,NA
"117","E01030685",0,0,0,4,0,0,0,3,0,0,0,0,0,0,0,1,0,3,0,0,17,22,2,0,0,30,33,4,0,0,87,113,2,0,0,75,127,0,0,0,49,91,0,0,0,35,45,0,0,0,28,46,1,0,0,7,20,0,0,0,14,15,0,0,0,4,66,0,1,0,347,578,15,5,0,149.804664723032,155.431640625,93.8666666666667,0,NA,7.431733,10.562089,6.362582,5.032169,NA
"118","E01030686",0,0,0,5,0,0,0,3,0,0,0,0,1,0,0,3,0,4,0,0,11,30,8,0,0,32,30,2,0,0,77,116,3,0,0,78,133,3,0,0,46,81,0,0,0,42,65,0,0,0,27,39,1,0,0,13,32,0,0,0,10,31,0,0,0,8,73,0,3,0,347,630,25,8,0,151.233038348083,160.526032315978,99.72,0,NA,7.753767,10.323125,4.508363,12.499314,NA
"119","E01030684",0,0,0,2,0,0,0,0,0,0,0,0,1,0,0,2,0,2,0,0,18,21,3,0,0,22,47,2,0,0,66,131,1,0,0,60,141,1,0,0,41,93,0,0,0,22,57,0,0,0,13,50,0,0,0,6,18,0,0,0,2,10,0,0,0,5,55,0,1,0,257,623,10,3,0,142.496031746032,150.920774647887,99.2,0,NA,8.423961,10.451861,4.361943,7.403148,NA
"120","E01002603",0,0,0,1,0,0,0,3,0,0,0,0,1,0,0,3,1,4,0,0,9,20,8,0,0,18,32,10,0,1,55,69,0,0,0,64,123,1,0,0,41,98,0,0,0,25,46,0,0,0,11,34,1,0,0,6,9,0,0,0,3,10,0,0,0,2,27,0,0,0,237,469,28,1,1,146.174468085106,151.723981900452,95.4285714285714,0,110,8.703373,10.08724,6.940744,1.979466,4.536618
"121","E01030992",0,0,0,0,0,0,0,1,0,0,0,0,2,0,0,0,0,4,0,0,7,22,6,0,0,29,49,1,0,0,63,128,4,0,0,76,148,3,0,0,54,91,0,0,0,22,72,0,0,0,21,47,0,0,0,9,16,0,0,0,5,18,0,0,0,4,47,0,0,0,290,638,21,0,0,148.545454545455,151.808798646362,99.0476190476191,NA,NA,7.68065,9.456226,4.528541,NA,NA
"122","E01030695",0,0,0,2,0,0,0,6,0,0,0,0,1,0,0,1,1,3,0,0,5,20,5,0,0,18,44,1,0,0,49,111,4,0,0,72,133,0,0,0,39,74,0,0,0,32,55,0,0,0,23,36,1,0,0,4,25,0,0,0,4,20,0,1,0,1,74,0,2,0,248,593,21,5,0,151.016194331984,155.431599229287,84,90.3333333333333,NA,6.999668,11.102334,4.014079,9.619438,NA
"123","E01002602",0,0,0,0,0,0,0,4,0,0,0,0,0,0,0,0,1,4,0,0,21,17,4,0,0,24,36,2,0,0,62,98,1,0,0,63,128,0,0,0,26,99,0,0,0,26,47,0,0,0,14,35,1,0,0,11,5,0,0,0,4,9,0,0,0,6,39,0,0,0,257,514,16,0,0,145.354581673307,149.233684210526,87.8125,NA,NA,8.118355,10.029499,4.631245,NA,NA
"124","E01030713",0,0,0,0,0,0,0,2,0,0,0,0,1,0,0,0,1,1,0,0,5,14,6,0,0,23,29,3,0,0,55,94,1,0,0,48,113,1,0,0,33,90,0,0,0,16,67,0,0,0,10,34,0,0,0,4,9,0,0,0,3,10,0,0,0,3,26,0,0,0,200,487,15,0,0,143.324873096447,152.694143167028,89.6,NA,NA,8.212333,9.787166,6.669221,NA,NA
"125","E01030734",0,0,0,2,0,0,0,1,0,0,0,0,0,0,0,4,0,3,0,0,17,27,1,0,0,30,37,4,0,0,48,158,0,0,1,68,136,0,0,0,46,82,0,0,0,20,58,0,0,0,22,45,0,0,0,7,17,0,0,0,5,13,0,0,0,3,40,0,0,0,270,613,9,2,1,145.7265917603,149.178010471204,89.3333333333333,0,114,7.871645,9.390863,5.379267,5.262149,4.073921
"126","E01030737",0,0,0,1,0,0,0,1,0,0,0,0,2,0,0,1,0,2,0,0,8,15,2,0,0,22,29,3,0,0,61,90,0,0,0,56,108,0,0,0,23,81,0,0,0,17,45,0,0,0,8,28,0,0,0,2,13,0,0,0,4,14,0,0,0,3,34,0,1,0,205,457,10,2,0,140.618811881188,152.924349881797,84.7,0,NA,7.707804,9.925525,5.465571,11.177275,NA
"127","E01030653",0,0,0,2,0,0,0,1,0,0,0,0,0,0,0,2,0,2,0,0,8,18,0,0,0,24,31,2,0,0,72,88,1,0,0,66,99,0,0,0,35,106,0,0,0,29,34,0,0,0,19,33,0,0,0,2,5,0,0,0,3,5,0,0,0,1,38,0,0,0,261,457,6,2,0,143.765384615385,148.424821002387,87.6666666666667,0,NA,7.799811,10.286592,4.5462,3.360711,NA
"128","E01030336",0,0,0,3,0,0,0,3,0,0,0,0,3,0,0,4,0,4,0,0,13,23,2,0,0,17,33,2,0,1,67,119,2,0,0,65,157,0,0,0,38,109,0,0,0,27,79,0,0,0,19,67,0,0,0,10,19,0,0,0,10,18,0,1,0,6,81,0,2,0,276,705,16,6,1,149.751851851852,156.897435897436,79.0625,76.25,109,8.713656,12.202674,4.36208,12.162445,4.574948
"129","E01030337",0,0,0,0,0,0,0,2,0,0,0,0,1,0,0,4,0,0,0,0,11,25,2,0,0,18,37,5,0,0,55,75,0,0,0,51,123,1,0,0,27,110,0,0,0,14,74,0,0,0,16,38,0,0,0,10,11,0,0,0,3,9,0,1,0,5,47,0,0,0,214,549,11,1,0,145.813397129187,152.940239043825,92.6363636363636,354,NA,8.450459,10.727124,6.538982,14.03696,NA
"130","E01030334",0,0,0,1,0,0,0,0,0,0,0,0,18,0,0,2,1,11,0,0,14,34,6,0,0,34,49,5,0,0,55,126,0,0,0,88,144,0,0,0,52,113,0,0,0,22,54,0,0,0,21,40,1,0,0,6,10,0,0,0,4,12,0,1,0,3,44,0,0,0,301,627,41,2,0,145.161073825503,148.006861063465,86.0731707317073,129.5,NA,7.697871,9.788715,4.169345,9.415468,NA
"131","E01030729",0,0,0,0,0,0,0,0,0,0,0,0,0,0,0,3,0,0,0,0,18,30,4,0,0,27,49,2,0,0,52,143,2,0,0,55,150,0,0,0,42,108,0,0,0,28,54,0,0,0,16,37,0,0,0,4,16,0,0,0,4,17,0,0,0,5,51,0,0,0,254,655,8,0,0,144.558232931727,149.360927152318,103,NA,NA,7.867731,9.701342,5.642367,NA,NA
"132","E01030690",0,0,0,3,0,0,0,2,0,0,0,0,3,0,0,1,1,2,0,0,9,18,3,0,1,30,39,4,0,0,84,96,6,0,0,84,98,2,0,0,85,93,0,0,0,55,44,0,0,0,27,54,3,0,0,14,26,0,0,0,19,37,0,0,0,7,40,0,0,0,415,546,25,3,1,157.171568627451,163.96837944664,108.6,0,100,6.781417,8.788546,4.381108,1.618982,1.50308
"133","E01030764",0,0,0,3,0,0,0,1,0,0,0,0,1,0,0,1,0,2,0,0,8,18,1,0,0,16,39,4,0,0,63,101,1,0,0,73,109,1,0,0,46,85,0,0,1,32,54,0,0,0,40,49,2,0,0,22,24,0,0,0,13,54,0,0,0,10,97,0,1,0,324,630,13,4,1,162.493630573248,168.568480300188,110.923076923077,0,169,7.102668,11.844493,6.069393,6.350444,4.553045
"134","E01030372",0,0,0,4,0,0,0,20,0,0,0,0,0,0,0,2,0,2,0,0,17,25,3,0,0,37,51,0,0,0,49,93,0,0,0,86,96,0,0,0,52,85,0,0,0,29,38,0,0,0,31,53,1,0,0,8,17,0,0,0,2,17,0,0,0,2,47,0,0,0,315,522,26,4,0,147.750798722045,155.538947368421,55.4615384615385,0,NA,5.521975,8.911624,1.790343,2.778918,NA
"135","E01030704",0,0,0,0,0,0,0,0,0,0,0,0,0,0,0,0,2,3,0,1,18,28,4,0,0,17,43,3,0,1,63,119,0,0,0,64,148,0,0,0,46,96,1,0,0,25,53,0,0,0,17,39,1,0,0,4,17,0,0,0,4,12,0,0,0,8,56,0,0,0,266,613,12,0,2,145.763565891473,149.425493716338,106.25,NA,94,8.099688,10.193501,6.735112,NA,2.544832
"136","E01030722",0,0,0,4,0,0,0,0,0,0,0,0,0,0,0,2,0,0,0,0,8,35,2,0,0,22,44,2,0,0,81,131,2,0,0,72,175,0,0,0,42,124,0,0,0,21,71,0,0,0,14,61,1,0,0,6,23,0,0,0,7,18,0,0,0,3,70,0,0,0,278,752,7,4,0,145.141818181818,153.810850439883,118.285714285714,0,NA,7.614129,10.483829,6.535249,3.110198,NA
"137","E01030696",0,0,0,1,0,0,0,2,0,0,0,0,0,0,0,4,0,4,0,0,13,15,2,0,0,36,37,1,0,0,62,143,0,0,0,58,124,4,0,0,50,104,0,0,0,24,75,0,0,0,17,42,1,1,0,8,12,0,1,0,5,16,0,0,0,8,49,0,0,0,285,617,14,3,0,145.292418772563,153.096830985915,106,147.333333333333,NA,8.116101,10.48356,5.051334,9.615331,NA
"138","E01003888",0,0,0,0,0,0,0,0,0,0,0,0,2,0,0,2,0,3,0,0,4,15,2,0,0,8,43,3,0,0,43,77,1,0,0,48,102,0,0,0,33,75,0,0,0,13,49,0,0,0,12,37,1,0,0,4,12,0,0,0,7,17,0,0,0,2,39,0,0,0,176,466,12,0,0,150.885057471264,154.59718969555,100.333333333333,NA,NA,7.925576,10.798934,4.379648,NA,NA
"139","E01003889",0,0,0,5,0,0,0,3,0,0,0,0,6,0,0,4,2,2,0,0,10,18,3,0,0,13,44,6,0,0,51,108,2,0,0,50,121,2,0,0,48,83,0,0,0,16,60,1,0,0,17,37,0,0,0,5,11,0,0,0,4,21,0,0,0,4,57,0,0,0,222,562,25,5,0,147.701834862385,153.942574257426,91.48,0,NA,7.347046,10.162989,3.935605,1.74401,NA
"140","E01030682",0,0,0,2,0,0,0,3,0,0,0,0,0,0,0,1,0,2,0,0,4,16,1,0,0,23,31,2,0,0,55,126,0,0,0,56,120,1,0,0,43,72,0,0,0,21,50,0,0,0,14,31,1,0,0,5,11,0,0,0,2,9,0,0,0,6,51,0,0,0,230,517,10,2,0,145.245535714286,148.416309012876,89.4,0,NA,8.009101,10.285593,6.830115,2.072553,NA
"141","E01030683",0,0,0,1,0,0,0,1,0,0,0,0,2,0,0,6,0,4,0,0,13,25,4,0,0,25,42,1,0,1,68,98,2,0,0,60,133,1,0,0,54,102,0,0,0,34,51,0,0,0,21,49,2,0,0,13,16,0,0,0,4,11,0,1,0,5,45,0,1,0,303,572,17,3,1,149.251677852349,152.514231499051,103.294117647059,192.5,110,7.939314,10.28175,3.508313,14.255076,5.511293
"142","E01003832",0,0,0,0,0,0,0,1,0,0,0,0,1,0,0,0,0,2,0,0,8,12,7,0,0,12,18,4,0,0,25,89,0,0,0,47,94,1,0,0,32,71,0,0,0,19,62,0,0,0,9,28,0,0,0,2,17,0,0,0,5,5,0,0,0,5,36,1,0,0,164,432,17,0,0,149.930817610063,153.762626262626,92.8125,NA,NA,9.123436,10.74081,5.554937,NA,NA
"143","E01003833",0,0,0,0,0,0,0,2,0,0,0,0,3,0,0,2,0,2,0,0,5,17,4,0,0,17,23,1,0,0,38,91,0,0,1,31,123,0,0,0,17,67,0,0,0,7,48,0,0,0,10,27,0,0,0,5,6,0,0,0,1,4,0,0,0,4,27,0,0,0,137,433,12,0,1,141.774436090226,147.495073891626,80.3333333333333,NA,119,7.392276,10.162743,3.857403,NA,5.544147
"144","E01030968",0,0,0,3,0,0,0,1,0,0,0,0,0,0,0,1,0,1,0,1,7,13,5,0,0,16,29,3,0,0,40,80,3,0,0,44,92,2,0,0,41,75,0,0,0,27,46,0,0,0,10,26,0,0,0,8,10,0,0,0,3,12,0,0,0,2,39,0,0,0,199,422,15,3,1,150.89847715736,153.637075718016,104.733333333333,0,84,7.489149,10.348555,6.218388,1.253935,1.678302
"145","E01030969",0,0,0,1,0,0,0,3,0,0,0,0,1,0,0,3,0,3,0,0,17,17,6,0,0,18,33,3,0,0,54,107,1,0,0,70,115,2,0,0,45,76,0,0,0,20,49,0,0,0,12,31,0,0,0,3,11,0,0,0,3,8,0,0,0,2,49,1,0,0,247,496,20,1,0,143.640816326531,149.337807606264,88.2631578947368,0,NA,6.920931,10.089174,4.196404,1.921971,NA
"146","E01030963",0,0,0,1,0,0,0,4,0,0,0,0,7,0,0,2,0,3,0,0,14,15,5,0,0,14,38,1,0,0,43,127,5,0,0,67,152,1,0,0,62,80,0,0,0,22,57,0,0,0,33,55,2,0,0,9,26,0,0,0,3,16,0,0,0,3,59,0,1,0,272,625,28,2,0,154.252788104089,154.924028268551,93.4642857142857,0,NA,6.945202,10.047867,4.026889,13.344284,NA
"147","E01002941",0,0,0,2,0,0,0,1,0,0,0,0,0,0,0,2,0,3,0,0,11,23,1,0,0,21,48,3,0,0,58,99,1,0,0,52,120,0,0,0,40,92,0,0,0,13,69,0,1,0,9,45,2,0,0,5,12,0,0,0,10,12,0,0,0,4,49,0,0,0,225,569,11,3,0,147.162895927602,151.601923076923,109.363636363636,57.3333333333333,NA,8.210716,10.21013,7.526351,6.830024,NA
"148","E01002595",0,0,0,1,0,0,0,2,0,0,0,0,1,0,0,3,0,6,0,0,13,12,5,0,0,18,24,2,0,0,52,70,0,0,0,55,127,0,0,0,39,118,0,0,0,24,69,0,0,0,13,38,0,0,0,5,6,0,0,0,4,9,0,0,0,4,56,0,0,0,230,529,16,1,0,146.163716814159,155.080338266385,83.4375,0,NA,8.910989,11.948995,5.061943,3.950718,NA
"149","E01002943",0,0,0,1,0,0,0,0,0,0,0,0,1,0,0,2,0,2,0,0,5,9,2,0,0,16,27,1,0,0,31,85,0,0,0,49,99,2,0,0,30,93,0,0,0,19,68,0,0,0,31,42,0,1,0,8,11,0,0,0,10,8,0,1,0,8,41,0,1,0,209,483,8,4,0,160.109452736318,155.873303167421,100.125,194,NA,8.428689,10.550213,5.335386,12.747433,NA
"150","E01002596",0,0,0,0,0,0,0,2,0,0,0,0,0,0,0,2,0,4,0,0,10,14,5,0,0,19,25,5,0,0,57,81,1,0,0,65,129,0,0,0,47,110,0,0,0,14,52,0,0,0,18,38,1,1,0,9,11,0,1,0,1,5,0,0,0,0,28,0,0,0,242,493,18,2,0,145.98347107438,152.172043010753,96.6111111111111,215.5,NA,8.761925,10.65161,6.490683,13.017111,NA
"151","E01002594",0,0,0,2,0,0,0,0,0,0,0,0,3,0,0,1,0,7,0,0,12,11,12,0,0,25,18,8,0,0,70,74,2,0,0,81,129,0,0,0,58,122,0,0,0,27,59,0,0,0,16,38,0,0,0,4,11,0,0,0,8,12,0,0,0,6,35,0,1,0,308,509,32,3,0,146.615894039735,156.504219409283,93.75,0,NA,8.621455,11.067901,6.132608,7.123887,NA
"152","E01030731",0,0,0,1,0,0,0,5,0,1,0,0,1,0,0,5,1,3,0,0,15,31,11,0,0,32,66,3,0,0,101,160,4,0,0,64,179,0,0,0,47,130,0,0,0,30,70,0,0,0,19,69,2,0,0,7,19,0,0,0,4,12,0,1,0,1,77,0,0,0,325,814,29,2,1,142.765432098765,150.118046132972,93.9310344827586,134,50,6.685519,10.100056,5.132883,8.86516,1.42642
"153","E01030730",0,0,0,4,0,0,0,1,0,0,0,0,4,0,0,3,1,0,0,0,13,25,2,0,0,24,67,1,0,0,75,171,2,0,0,87,173,1,0,0,56,114,0,0,0,47,102,0,0,0,38,73,2,0,0,5,24,0,0,0,14,29,0,0,0,7,74,0,1,0,369,853,13,5,0,154.732044198895,155.95378690629,103.538461538462,0,NA,7.960282,10.477301,4.773758,6.841341,NA
"154","E01003900",0,0,0,1,0,0,0,1,0,0,0,0,2,0,0,3,1,5,0,0,13,8,0,0,0,14,17,1,0,1,42,59,1,0,0,55,103,2,0,0,40,77,0,0,0,17,50,0,0,0,7,46,1,0,0,8,13,0,0,0,1,6,0,0,0,0,40,0,2,0,200,420,13,3,1,145.165,158.115789473684,97.8461538461538,0,104,8.019944,11.042168,5.409782,14.404745,6.691307
"155","E01030654",0,0,0,2,0,0,0,1,0,0,0,0,1,0,0,3,1,1,0,0,11,23,1,0,0,28,40,4,0,0,67,111,1,0,0,66,131,1,0,0,44,107,0,0,0,29,46,0,0,0,25,34,1,0,0,8,19,0,0,0,4,14,0,0,0,2,68,0,2,0,287,594,11,4,0,147.754385964912,151.971482889734,102.909090909091,0,NA,7.396384,10.862614,6.910086,10.375085,NA
"156","E01030728",0,0,0,1,0,0,0,4,0,0,0,0,1,0,0,2,2,2,0,0,12,29,2,0,0,38,53,4,0,0,71,151,2,0,0,81,167,2,0,0,56,100,0,0,0,34,55,0,0,0,23,68,1,0,0,6,14,0,0,0,9,16,0,0,0,2,56,0,2,0,334,711,18,3,0,147.876506024096,150.195419847328,95.6111111111111,0,NA,7.486808,10.12837,4.88207,16.656171,NA
"157","E01030339",0,0,0,2,0,0,0,3,0,0,0,0,0,0,0,0,0,8,0,0,11,21,4,0,0,12,43,1,0,1,56,110,3,0,0,67,126,0,0,0,37,85,0,0,0,19,58,0,0,0,15,47,0,0,0,5,25,0,0,0,3,15,0,1,0,3,43,1,0,0,228,573,20,3,1,146.995555555556,154.520754716981,83.4736842105263,126.666666666667,107,7.348475,10.201173,3.512373,6.098105,6.52156
"158","E01030338",0,0,0,5,0,0,0,8,0,0,0,0,1,0,0,1,0,1,0,0,12,19,8,0,0,20,53,7,0,0,56,104,3,0,0,74,135,1,0,0,74,87,0,0,0,32,52,0,0,0,31,46,1,0,0,11,22,0,0,0,6,41,0,1,0,2,71,0,1,0,319,630,30,7,0,154,160.214669051878,88.3333333333333,50.6666666666667,NA,6.717166,9.912591,4.101482,6.970176,NA
"159","E01016576",0,0,0,7,0,0,0,3,0,0,0,0,0,0,0,4,1,3,0,0,17,20,5,0,0,33,30,2,0,0,96,127,2,0,0,109,124,3,0,0,82,100,0,0,0,43,67,0,0,0,44,65,2,0,0,20,32,0,0,0,11,44,0,0,0,14,100,0,2,0,473,710,20,9,0,152.912854030501,166.616393442623,103.5,0,NA,7.951657,11.444512,4.370906,6.901513,NA
"160","E01030971",0,0,0,6,0,0,0,2,0,0,0,0,1,0,0,5,1,8,0,0,22,23,6,0,0,34,45,4,0,0,87,115,3,0,1,94,178,0,0,0,59,133,0,0,0,33,83,0,0,0,24,48,1,0,0,10,19,0,1,0,7,10,0,0,0,6,47,0,0,0,381,702,25,7,1,145.493333333333,152.332824427481,94.24,36,119,8.358196,10.375026,5.210348,4.247188,4.969199
"161","E01030973",0,0,0,7,0,0,0,3,0,0,0,0,2,0,0,8,1,5,0,0,20,31,8,0,0,54,70,4,0,0,110,147,2,0,0,105,203,1,0,0,73,155,0,0,0,26,103,0,0,0,25,71,1,0,0,7,25,0,0,0,1,17,0,0,0,3,67,0,0,0,432,890,26,7,0,139.477855477855,153.075334143378,91.5384615384615,0,NA,7.369938,10.393819,5.090611,2.282584,NA
"162","E01030970",0,0,0,2,0,0,0,5,0,0,0,0,4,0,0,4,0,2,0,0,6,17,2,0,0,15,23,1,0,0,54,89,1,0,0,55,110,0,0,0,41,110,0,0,0,22,53,0,0,0,7,32,1,0,0,4,7,0,0,0,3,10,0,1,0,2,34,0,0,0,213,485,16,3,0,144.668246445498,153.046563192905,78.25,105,NA,7.531749,9.99863,3.837097,1.859912,NA
"163","E01030995",0,0,0,1,0,0,0,1,0,0,0,0,0,0,0,2,1,3,0,0,11,20,4,0,1,21,30,7,0,0,64,76,0,0,0,70,120,0,0,0,35,97,0,0,0,26,45,0,0,0,12,47,0,0,0,3,7,0,0,0,3,6,0,0,0,6,37,0,1,0,253,486,15,2,1,142.740890688259,151.708240534521,92.2666666666667,0,100,8.582966,10.849843,6.467898,10.939082,3.728952
"164","E01030691",0,0,0,11,0,0,0,2,0,0,0,0,6,0,0,2,1,3,0,0,17,20,2,0,0,25,42,0,0,0,58,111,0,0,0,83,141,6,0,0,69,76,1,0,0,43,50,0,0,0,48,69,1,0,0,25,29,0,0,0,9,65,0,0,0,5,70,0,1,0,384,674,21,12,0,159.155672823219,171.473509933775,101.52380952381,0,NA,6.421115,9.943796,4.079006,4.358201,NA
"165","E01033000",0,0,0,0,0,0,0,0,0,0,0,0,1,0,0,1,0,4,0,0,9,12,9,0,0,15,11,2,0,0,43,49,0,0,0,37,73,0,0,0,32,63,0,0,0,13,46,0,0,0,11,20,1,0,0,2,6,0,0,0,1,3,0,0,0,3,30,0,0,0,167,313,17,0,0,142.524390243902,153.731448763251,96.4705882352941,NA,NA,8.688344,11.304132,6.693239,NA,NA
"166","E01030741",0,0,0,4,0,0,0,1,0,0,0,0,0,0,0,2,0,2,0,0,13,27,2,0,0,16,41,1,0,0,60,144,0,0,0,85,152,0,0,0,43,133,0,0,0,28,62,0,0,0,17,37,0,0,0,6,10,0,0,0,5,13,0,0,0,6,41,0,0,0,281,660,6,4,0,147.865454545455,148.571890145396,84.1666666666667,0,NA,8.354065,9.855252,2.860597,2.569472,NA
"167","E01030325",0,0,0,2,0,0,0,4,0,0,0,0,0,0,0,0,1,4,0,0,7,21,6,0,0,11,41,4,0,0,61,122,2,0,0,51,112,1,0,0,32,86,0,0,0,43,52,0,0,0,31,36,1,0,0,7,24,0,0,0,4,22,0,0,0,4,59,0,0,0,251,576,22,2,0,156.016194331984,154.698259187621,91.6363636363636,0,NA,7.975544,9.516662,5.590193,1.05681,NA
"168","E01030322",0,0,0,2,0,0,0,7,0,0,0,0,1,0,0,0,0,2,0,0,10,17,0,0,0,25,34,3,0,0,71,147,2,0,0,86,153,1,0,0,45,89,0,0,0,30,51,0,0,0,15,60,0,0,0,8,12,0,0,0,4,29,0,0,0,4,53,0,0,0,298,645,16,2,0,146.931972789116,154.728040540541,74.5,0,NA,6.235001,8.824633,4.184975,2.861053,NA
"169","E01030327",0,0,0,0,0,0,0,6,0,0,0,0,3,0,0,1,3,4,0,0,4,20,7,0,0,21,38,5,0,0,47,120,1,0,0,72,125,4,0,0,43,96,0,0,0,33,72,0,0,0,23,47,5,0,0,9,24,0,0,0,8,28,0,0,0,1,64,0,2,0,262,637,35,2,0,155.256704980843,158.502617801047,102.657142857143,NA,NA,7.20201,10.550936,6.125979,19.730321,NA
"170","E01030324",0,0,0,0,0,0,0,3,0,0,0,0,1,0,0,0,0,3,0,0,6,18,2,0,0,19,32,3,0,0,51,90,1,0,0,55,115,2,0,0,38,105,0,0,0,20,57,0,0,0,17,44,0,0,0,4,12,0,0,0,9,13,0,0,0,1,55,1,1,0,220,541,16,1,0,150.876712328767,154.681069958848,85.6666666666667,NA,NA,7.974375,10.875938,4.564726,18.121834,NA
"171","E01030326",0,0,0,4,0,0,0,3,0,0,0,0,1,0,0,1,3,3,0,0,5,20,5,0,0,14,38,5,0,1,50,89,1,0,0,67,99,2,0,0,33,67,0,0,0,33,48,1,0,0,26,60,3,0,0,15,25,0,0,0,6,32,0,1,0,2,62,0,2,0,252,543,24,7,1,157.904,163.900207900208,107.666666666667,60.8,104,7.587257,10.365277,6.059205,9.517159,3.512662
"172","E01030323",0,0,0,7,0,0,0,4,0,0,0,0,4,0,0,3,0,4,0,0,5,25,2,0,0,13,35,1,0,1,41,86,3,0,0,51,121,2,0,0,56,68,0,0,0,30,50,0,0,0,34,43,2,0,0,13,19,0,0,0,4,28,0,0,0,0,45,0,1,0,250,520,22,8,1,159.996,159.143157894737,97.2727272727273,0,104,6.730578,10.027285,5.001803,5.538671,7.080082
"173","E01030320",0,0,0,5,0,0,0,3,0,0,0,0,1,0,0,0,0,5,0,0,4,23,4,0,0,15,46,2,0,0,52,129,0,0,0,62,140,1,0,0,32,98,0,0,0,21,58,0,0,0,19,44,1,1,0,1,18,0,0,0,7,17,0,0,0,2,65,0,1,0,215,638,17,7,0,150.084507042254,151.684118673647,90.9411764705882,36.6666666666667,NA,6.859003,9.940452,5.420782,7.329226,NA
"174","E01030725",0,0,0,2,0,0,0,2,0,0,0,0,0,0,0,3,0,7,0,0,14,25,5,0,1,33,31,5,0,0,74,125,0,0,0,72,156,0,0,0,44,138,0,0,0,14,64,0,1,0,11,44,0,0,0,8,11,0,0,0,6,12,0,0,0,8,52,0,2,0,287,658,19,5,1,141.620071684588,152.40099009901,87.3684210526316,61.6666666666667,99,8.237132,10.454009,5.798623,11.77659,2.997946
"175","E01003825",0,0,0,3,0,0,0,1,0,0,0,0,1,0,0,2,2,3,0,0,12,18,1,0,0,17,33,1,0,0,47,109,0,0,0,65,133,1,0,0,57,107,0,0,0,18,42,0,0,0,18,44,2,0,0,4,22,0,0,0,5,6,0,0,0,3,39,1,0,0,248,555,11,3,0,148.175510204082,151.197674418605,107.2,0,NA,7.744193,9.986468,6.250512,1.582477,NA
"176","E01003824",0,0,0,3,0,0,0,3,0,0,0,0,2,0,0,0,1,4,0,0,8,15,4,0,0,16,35,1,0,0,43,108,2,0,0,70,121,1,0,0,43,81,0,0,0,21,56,0,0,0,12,46,2,0,0,4,13,0,0,0,3,15,0,0,0,1,43,0,1,0,221,534,19,4,0,147.231818181818,153.16700610998,98.1578947368421,0,NA,6.994237,9.622104,5.212147,6.542094,NA
"177","E01003827",0,0,0,0,0,0,0,0,0,0,0,0,1,0,0,1,1,2,0,0,6,19,5,0,0,18,40,2,0,1,64,105,0,0,0,64,128,0,0,0,39,98,0,0,0,21,64,0,0,0,22,38,0,0,0,4,20,0,0,0,5,14,0,1,0,5,51,0,0,0,249,578,10,1,1,148.516393442623,153.696394686907,92.2,324,104,8.150007,10.272534,5.98631,14.551676,0.314852
"178","E01003822",0,0,0,3,0,0,0,7,0,0,0,0,1,0,0,3,0,2,0,0,5,14,2,0,2,21,47,2,0,0,37,117,1,0,0,52,141,5,0,0,51,69,0,0,0,23,54,0,0,0,32,40,2,0,0,8,13,0,0,0,4,20,0,0,0,2,60,0,1,0,238,575,22,4,2,155.978813559322,152.419417475728,97.0909090909091,0,97,7.267969,10.10576,4.752659,6.972621,2.798083
"179","E01030703",0,0,0,2,0,0,0,3,0,0,0,0,1,0,0,2,0,3,0,0,11,19,6,0,0,26,47,2,0,1,56,119,0,0,0,58,154,1,0,0,53,120,0,0,0,20,71,0,0,0,13,36,0,0,0,10,13,0,0,0,6,8,0,0,0,6,57,0,0,0,261,644,16,2,1,147.545098039216,149.911413969336,86,0,109,7.890421,10.037865,4.423681,2.057494,4.84052
"180","E01030700",0,0,0,2,0,0,0,1,0,0,0,0,1,0,0,0,0,0,0,0,23,20,5,0,1,26,36,2,0,0,62,120,3,0,0,71,147,1,0,0,50,128,0,0,0,23,62,0,0,0,16,47,0,0,0,6,14,0,0,0,2,11,0,1,0,3,52,0,0,0,282,637,13,3,1,142.716845878136,151.996581196581,99.9230769230769,87.3333333333333,94,8.100533,10.555259,4.609908,6.276978,3.419575
"181","E01030748",0,0,0,0,0,0,0,1,0,0,0,0,3,0,0,4,1,1,0,0,12,27,2,0,0,24,37,4,0,0,72,135,4,0,1,84,136,2,0,0,60,111,0,0,0,16,51,0,0,0,17,32,1,0,0,11,13,0,0,0,9,11,0,2,0,6,60,1,1,0,315,614,19,3,1,147.763754045307,148.261732851986,105.611111111111,324,111,8.334577,9.911019,6.203361,16.952771,5.754962
"182","E01030699",0,0,0,0,0,0,0,2,0,0,0,0,0,0,0,1,0,3,0,0,10,21,5,0,0,30,32,1,0,1,52,121,1,0,0,65,133,1,0,0,37,96,0,0,0,20,63,0,0,0,20,34,1,0,0,9,17,0,0,0,7,13,0,0,0,8,69,0,0,0,259,599,14,0,1,149.346613545817,151.369811320755,97.2142857142857,NA,109,8.444157,10.889395,5.948371,NA,5.073237
"183","E01030659",0,0,0,3,0,0,0,4,0,0,0,0,0,0,0,2,0,7,0,0,17,27,2,0,0,30,43,1,0,0,75,128,3,0,0,90,145,1,0,0,47,107,0,0,0,34,62,0,0,0,26,60,1,0,0,9,18,0,0,0,2,13,0,1,0,6,66,0,0,0,338,669,19,4,0,145.852409638554,152.95688225539,90.6842105263158,88.5,NA,7.730869,11.115813,5.196152,5.39425,NA
"184","E01002555",0,0,0,3,0,0,0,1,0,0,0,0,1,0,0,3,0,6,0,0,8,16,7,0,0,26,34,9,0,0,87,111,1,0,0,85,113,0,0,0,70,129,0,0,0,33,77,0,0,0,22,43,1,0,0,12,8,0,0,0,10,10,0,0,0,2,45,0,0,0,358,586,26,3,0,150.196629213483,152.968576709797,96.6538461538462,0,NA,8.471047,10.726604,5.930731,2.903034,NA
"185","E01030985",0,0,0,0,0,0,0,2,0,0,0,0,0,0,0,2,0,6,0,0,5,4,7,0,0,10,19,2,0,0,53,38,1,0,0,71,82,0,0,0,42,48,0,0,0,19,38,0,0,0,11,33,0,0,0,6,13,0,0,0,0,5,0,0,0,3,31,0,0,0,222,311,18,0,0,145.420091324201,157.521428571429,87.2222222222222,NA,NA,9.282164,11.782496,5.917863,NA,NA
"186","E01002560",0,0,0,0,0,0,0,3,0,0,0,0,2,0,0,0,0,0,0,0,9,16,5,0,0,13,28,11,0,0,56,93,11,0,0,63,110,0,0,0,48,103,0,0,0,21,55,0,0,0,19,32,1,0,0,12,8,0,0,0,3,8,0,0,0,6,25,1,1,0,250,478,34,1,0,151.422131147541,151.655629139073,100.484848484848,NA,NA,8.984647,10.051285,6.741459,23.04449,NA
"187","E01002444",0,0,0,0,0,0,0,1,0,0,0,0,0,0,0,5,0,5,0,0,12,24,2,0,1,50,31,5,0,1,82,80,2,0,0,95,114,0,0,0,61,72,0,1,0,44,62,1,0,0,18,29,0,0,0,9,18,0,0,0,9,11,0,0,0,10,83,3,0,0,395,524,19,1,2,146.231168831169,153.655328798186,100.4375,151,98.5,7.046756,10.024625,5.011544,15.403148,3.440109
"188","E01030299",0,0,0,1,0,0,0,4,0,0,0,0,1,0,0,1,0,3,0,0,7,20,2,0,0,27,56,1,0,1,51,118,2,0,0,79,138,1,0,0,56,86,0,0,0,28,64,0,0,0,26,51,3,0,0,11,16,0,0,0,2,13,0,0,0,4,64,0,2,0,292,626,17,3,1,150.277777777778,151.738434163701,104.117647058824,0,103,7.086771,10.067226,5.081611,15.772757,1.83436
"189","E01030724",0,0,0,1,0,0,0,0,0,0,0,0,0,0,0,2,0,0,0,0,14,23,3,0,0,20,40,3,0,0,55,100,1,0,0,66,137,0,0,0,44,100,0,0,0,25,66,0,0,0,16,36,0,0,0,10,10,0,0,0,6,8,0,0,0,5,44,0,0,0,263,564,7,1,0,148.81007751938,150.273076923077,101.571428571429,0,NA,8.371563,10.158855,6.846582,1.160848,NA
"190","E01030720",0,0,0,1,0,0,0,4,0,0,0,0,0,0,0,2,1,4,0,0,14,19,6,0,0,26,39,1,0,1,55,150,2,0,0,85,161,0,0,0,53,110,0,0,0,25,62,0,1,0,21,46,1,0,0,4,11,0,0,0,7,10,0,0,0,1,68,2,0,0,293,677,20,2,1,147.297945205479,149.535303776683,88.1666666666667,88,104,7.647881,10.217552,5.175298,7.281313,1.251197
"191","E01003814",0,0,0,3,0,0,0,5,0,0,0,0,1,0,0,3,2,3,0,0,8,17,4,0,0,18,46,0,0,0,42,75,1,0,0,49,108,1,0,0,44,80,0,0,0,12,65,0,0,0,12,41,0,0,0,4,13,0,0,0,2,14,0,1,0,3,55,0,0,0,197,516,15,4,0,145.59793814433,154.336225596529,74.2666666666667,97.25,NA,7.720976,11.094708,3.772575,5.154688,NA
"192","E01030328",0,0,0,4,0,0,0,7,0,0,0,0,1,0,0,0,0,0,0,0,7,26,2,0,0,13,37,2,0,0,64,104,4,0,0,81,146,1,0,0,66,86,0,0,0,29,73,0,0,0,26,53,3,0,0,13,26,0,0,0,5,26,0,0,0,3,58,0,1,0,307,635,20,5,0,154.582236842105,158.102253032929,99.2,0,NA,6.757753,10.325931,5.115673,6.965092,NA
"193","E01030321",0,0,0,5,0,0,0,4,0,0,0,0,0,0,0,1,1,3,0,1,4,22,3,0,0,15,42,4,0,0,55,124,2,0,0,77,118,2,0,0,51,88,0,0,0,31,60,0,0,0,16,41,2,0,0,10,20,0,0,0,8,22,0,0,0,3,63,0,0,0,271,601,20,5,1,153.794776119403,154.381040892193,101.5,0,84,6.790374,9.586731,6.793565,2.712662,2.417522
"194","E01030329",0,0,0,2,0,0,0,5,0,0,0,0,0,0,0,2,1,3,0,0,2,26,1,0,0,19,41,4,0,0,43,126,2,0,0,66,114,1,0,0,49,96,0,0,0,37,52,0,0,0,23,45,3,0,0,11,21,0,0,0,4,26,0,0,0,5,69,0,1,0,261,617,19,3,0,155.734375,155.423357664234,101,0,NA,7.037502,9.535108,5.934795,7.979921,NA
"195","E01030663",0,0,0,1,0,0,0,3,0,0,0,0,1,0,0,1,0,1,0,0,7,14,3,0,0,30,41,1,0,0,54,95,1,0,0,76,147,0,0,0,39,114,0,0,0,23,52,0,0,0,20,33,0,0,0,5,15,0,0,0,4,4,0,0,0,5,39,0,0,0,264,554,10,1,0,146.455598455598,150.083495145631,75.1,0,NA,9.033012,10.580944,3.96605,2.160164,NA
"196","E01030660",0,0,0,1,0,0,0,1,0,0,0,0,3,0,0,3,2,3,0,0,21,48,3,0,0,40,60,2,0,0,102,204,2,0,1,117,234,0,0,0,69,176,0,0,0,40,93,0,0,0,25,86,0,0,0,16,21,0,0,0,6,19,0,2,0,5,91,0,1,0,444,1034,14,4,1,146.154897494305,150.676564156946,86.8571428571429,197.333333333333,119,8.147399,10.222742,5.050702,12.726214,6.006844
"197","E01030665",0,0,0,3,0,0,0,1,1,0,0,0,1,0,0,2,0,2,0,0,8,22,1,0,0,26,33,2,0,0,58,85,0,0,0,60,139,2,1,0,40,89,0,0,0,16,49,0,0,0,10,37,0,0,0,4,16,0,0,0,5,10,0,0,0,8,38,0,0,0,237,518,9,5,0,142.515283842795,152.120833333333,97,28,NA,8.712418,10.754467,4.976195,5.206844,NA
"198","E01030662",0,0,0,0,0,0,0,0,0,0,0,0,1,0,0,2,0,1,0,0,13,23,2,0,0,32,43,4,0,0,78,139,0,1,0,79,167,2,0,0,45,104,0,0,0,22,47,0,0,0,17,38,1,0,0,4,12,0,0,0,7,11,0,0,0,0,53,0,1,0,299,637,11,2,0,143.682274247492,148.005136986301,110.363636363636,127,NA,7.183689,9.883675,6.021529,11.455167,NA
"199","E01030667",0,0,0,3,0,0,0,0,0,0,0,0,2,0,0,2,1,1,0,0,7,10,2,0,0,19,15,2,0,0,43,78,1,0,0,44,86,0,0,0,28,67,0,0,0,14,33,0,0,0,10,30,0,0,0,4,13,0,0,0,2,7,0,0,0,6,31,0,0,0,179,371,8,3,0,147.161849710983,153.458823529412,92.5,0,NA,8.381698,10.266844,4.693702,3.967145,NA
"200","E01030664",0,0,0,0,0,0,0,0,0,0,0,0,2,0,0,1,1,2,0,0,12,18,2,0,0,43,32,0,0,1,80,99,1,1,0,84,153,1,0,0,66,100,0,0,0,23,64,0,0,0,15,34,1,0,0,4,14,0,0,0,8,6,0,0,0,3,44,0,0,0,339,565,9,1,1,143.08630952381,150.669865642994,109.555555555556,125,109,6.778706,10.140431,3.642557,8.591375,5.631759
"201","E01030666",0,0,0,1,0,0,0,3,0,0,0,0,0,0,0,3,3,1,0,0,12,21,1,0,0,31,43,2,0,1,64,137,1,0,0,68,137,0,0,0,52,96,0,0,0,24,55,0,0,0,20,37,2,0,0,5,15,0,0,0,2,14,0,0,0,4,48,0,2,0,285,606,10,3,1,144,150.370967741935,100.9,0,104,7.478981,9.858446,6.258178,13.373487,2.42026
"202","E01030661",0,0,0,2,0,0,0,2,0,0,0,0,2,0,0,2,0,5,0,0,17,23,5,0,0,46,45,5,0,1,85,180,2,0,0,99,207,0,0,0,51,124,0,0,0,32,73,0,0,0,10,63,0,0,0,6,14,0,0,0,6,18,0,0,0,5,76,0,0,0,359,823,21,2,1,140.519774011299,151.550200803213,88.7619047619048,0,110,7.078139,10.216611,4.522929,1.707049,3.534565
"203","E01030668",0,0,0,1,0,0,0,4,0,0,0,0,0,0,0,2,1,3,0,0,16,26,0,0,0,17,34,6,0,1,56,102,2,0,0,66,111,0,0,0,45,99,0,0,0,22,50,0,0,0,24,39,0,0,0,7,13,0,1,0,7,11,0,0,0,8,35,0,1,0,270,521,15,3,1,149.862595419847,151.602880658436,85.8666666666667,114.5,107,8.616969,10.039666,3.577275,12.992926,4.290212
"204","E01003823",0,0,0,1,0,0,0,5,0,0,0,0,3,0,0,1,3,2,0,0,5,18,2,0,0,15,34,4,0,0,51,96,3,0,0,57,135,7,0,0,47,113,0,0,0,32,56,0,0,0,27,61,0,0,0,11,32,0,0,0,9,35,0,1,0,6,93,1,2,0,261,676,27,4,0,158.627450980392,162.859348198971,99.0769230769231,175,NA,8.181369,11.927415,4.569156,16.352497,NA
"205","E01030517",0,0,0,6,0,0,0,4,0,0,0,0,1,0,0,3,0,3,0,0,18,29,5,0,0,30,61,4,0,0,55,172,6,0,0,74,170,1,0,0,67,107,0,0,0,40,63,0,0,0,22,66,0,0,0,9,21,0,0,0,10,18,0,0,0,5,95,0,1,0,333,802,24,7,0,151.234756097561,150.903818953324,92.5416666666667,0,NA,7.334454,10.93736,3.460072,5.647403,NA
"206","E01030688",0,0,0,1,0,0,0,1,0,0,0,0,2,0,0,5,0,1,0,0,14,31,2,0,0,33,31,0,0,0,73,135,1,0,0,62,145,0,0,0,43,112,0,0,0,18,76,0,0,0,15,45,0,0,0,4,10,0,0,0,6,10,0,0,0,6,58,1,0,0,279,653,8,1,0,141.70695970696,150.702521008403,81.5714285714286,0,NA,7.896461,10.6197,2.868094,0.999315,NA
"207","E01030689",0,0,0,7,0,0,0,12,0,0,0,0,3,0,0,1,1,6,0,0,18,20,9,0,0,20,29,7,0,1,86,130,4,0,0,81,138,0,0,0,65,124,0,0,0,56,94,0,0,0,34,56,0,0,0,23,27,0,0,0,9,54,0,0,0,4,68,0,0,0,397,741,41,7,1,156.435114503817,165.527488855869,78.1463414634146,0,104,6.498236,8.905185,2.390477,2.362373,6.160164
"208","E01003813",0,0,0,3,0,0,0,3,0,0,0,0,3,0,0,3,1,2,0,0,6,35,8,0,0,20,48,4,0,0,54,115,1,0,0,61,131,2,0,0,48,99,0,0,0,29,47,0,0,0,20,35,0,1,0,8,19,0,0,0,2,17,0,0,0,5,42,0,2,0,256,589,23,6,0,150.326693227092,150.151736745887,89.8695652173913,49.25,NA,7.286214,9.519184,4.70565,9.394478,NA
"209","E01031004",0,0,0,4,0,0,0,1,0,0,0,0,1,0,0,2,0,5,0,0,18,26,5,0,0,34,49,5,0,0,69,165,1,0,0,76,199,0,0,0,47,140,0,0,0,33,79,0,0,0,22,49,1,0,0,3,16,0,0,0,4,9,0,0,0,3,65,0,0,0,311,797,19,4,0,143.295454545455,148.978142076503,94.6842105263158,0,NA,7.449832,10.029149,5.422817,0.997261,NA
"210","E01030650",0,0,0,1,0,0,0,0,0,0,0,0,0,0,0,4,0,3,0,0,6,14,0,0,0,15,38,2,0,0,49,87,0,0,0,49,113,0,0,0,37,101,0,0,0,18,50,0,0,0,11,34,1,0,0,4,7,0,0,0,3,10,0,0,0,5,30,0,0,0,201,484,6,1,0,145.209183673469,151.055066079295,105.666666666667,0,NA,8.479572,10.350041,6.396988,4.114989,NA
"211","E01030948",0,0,0,0,0,0,0,4,0,1,0,0,1,0,0,1,1,2,0,0,10,23,0,0,0,26,48,2,0,0,71,144,3,0,0,70,148,2,0,0,42,107,0,1,0,21,51,1,0,0,11,68,0,0,0,3,20,0,0,0,3,12,0,1,0,5,60,0,0,0,263,682,15,2,1,141.449612403101,151.516077170418,92.6666666666667,235,48,7.615247,10.358207,3.809914,14.442162,2.275154
"212","E01030947",0,0,0,1,0,0,0,2,0,0,0,0,2,0,0,2,0,1,0,0,18,32,3,0,0,31,25,0,0,0,71,120,0,0,0,76,146,1,0,0,40,94,0,0,0,22,52,0,0,0,16,28,0,0,0,5,15,0,0,0,5,4,0,0,0,2,37,0,3,0,288,553,9,4,0,142.146853146853,147.261627906977,83.5555555555556,0,NA,7.577961,9.954457,3.63191,16.735112,NA
"213","E01030949",0,0,0,2,0,0,0,1,0,0,0,0,0,0,0,0,1,4,0,0,11,31,3,0,0,24,49,2,0,0,69,129,0,0,0,73,162,0,0,0,56,112,0,0,0,34,73,0,0,0,24,55,0,0,0,3,20,0,0,0,9,19,0,0,0,5,66,0,2,0,308,717,10,4,0,150.039603960396,153.321044546851,86.2,0,NA,7.949624,10.80935,4.297056,10.285192,NA
"214","E01030717",0,0,0,0,0,0,0,1,0,0,0,0,0,0,0,2,1,0,0,0,7,30,1,0,0,26,54,3,0,0,51,131,2,0,0,63,136,0,0,0,38,107,0,0,0,27,83,0,1,0,12,33,0,0,0,2,11,0,0,0,4,12,0,0,0,3,60,0,1,0,235,658,7,2,0,144.793103448276,148.742474916388,97.2857142857143,174,NA,7.876502,10.123759,7.150874,16.298425,NA
"215","E01030716",0,0,0,0,0,0,0,3,0,0,0,0,2,0,0,3,0,3,0,0,20,24,2,0,0,23,55,5,0,0,63,114,2,0,0,55,144,0,0,0,40,93,0,0,0,19,69,0,0,0,20,36,2,0,0,5,13,0,0,0,6,8,0,0,0,7,55,0,0,0,261,611,19,0,0,144.346456692913,148.077338129496,96.3684210526316,NA,NA,7.782943,10.123115,5.508099,NA,NA
"216","E01002598",0,0,0,0,0,0,0,0,0,0,0,0,1,0,0,2,1,3,0,0,10,11,5,0,0,19,25,6,0,0,46,91,2,0,0,62,114,0,0,0,32,87,0,0,0,16,56,0,0,0,17,40,1,0,0,5,11,0,0,0,3,6,0,0,0,2,49,0,0,0,214,491,18,0,0,146.028301886792,153.298642533937,101.333333333333,NA,NA,8.41225,10.938824,6.370978,NA,NA
"217","E01002599",0,0,0,0,0,0,0,2,0,0,0,0,1,0,0,1,0,2,0,0,3,20,5,0,0,14,18,3,0,0,62,56,2,0,0,63,102,0,0,0,35,88,0,0,0,17,50,0,0,0,10,32,0,0,0,8,7,0,0,0,1,8,0,0,0,4,37,0,1,0,218,418,15,1,0,146.032710280374,153.196850393701,89.2666666666667,NA,NA,8.938401,11.738788,5.338417,19.57837,NA
"218","E01030754",0,0,0,3,0,0,0,5,0,0,0,0,5,0,0,4,0,4,0,0,17,39,7,0,0,34,44,4,0,0,81,158,3,0,1,106,167,3,0,0,63,108,0,0,0,42,90,0,0,0,18,49,3,0,0,9,26,0,0,0,3,18,0,0,0,2,52,0,0,0,379,751,34,3,1,145.111405835544,152.114449213162,98.1176470588235,0,111,6.533053,9.181942,4.727784,1.263061,5.7577
"219","E01030756",0,0,0,5,0,0,0,4,0,0,0,0,1,0,0,1,1,8,0,0,13,33,10,0,0,20,45,2,0,0,72,159,2,0,0,81,152,0,0,0,53,105,0,0,0,30,75,0,0,0,22,55,2,0,0,5,20,0,0,0,8,23,0,0,0,4,93,0,1,0,309,761,29,6,0,148.750819672131,153.703592814371,91.4137931034483,0,NA,7.299145,10.350679,4.882342,4.721422,NA
"220","E01002558",0,0,0,0,0,0,0,1,0,0,0,0,3,0,0,4,0,5,0,0,14,22,4,0,0,20,27,7,0,0,63,85,0,0,0,77,142,0,0,0,37,99,0,0,0,21,74,0,0,0,16,43,0,1,0,6,5,0,0,0,6,11,0,1,0,1,43,2,1,0,265,551,22,3,0,145.375,154.023622047244,90.3,227.5,NA,8.34846,10.603145,6.684051,14.62286,NA
"221","E01002559",0,0,0,0,0,0,0,1,0,0,0,0,0,0,0,2,0,5,0,0,15,17,12,0,0,29,28,5,0,0,69,98,2,0,0,80,130,1,0,0,73,129,0,0,0,30,76,0,0,0,28,65,0,1,0,10,11,0,1,0,9,10,0,0,0,1,56,0,0,0,346,620,26,2,0,150.510144927536,156.792553191489,95.1923076923077,221.5,NA,8.16154,10.931487,6.490348,14.543463,NA
"222","E01002988",0,0,0,0,0,0,0,2,0,0,0,0,2,0,0,0,0,1,0,0,2,5,3,0,0,10,21,1,0,0,21,42,1,0,0,21,51,0,1,0,24,48,0,0,0,15,38,0,0,0,13,21,0,0,0,2,7,0,0,0,3,7,0,0,0,1,31,0,1,0,112,271,10,2,0,154.837837837838,156.058333333333,80.6,146,NA,8.239659,10.756068,5.121423,16.845995,NA
"223","E01030998",0,0,0,3,0,0,0,9,0,0,0,0,2,0,0,0,1,3,0,0,13,21,9,0,0,14,70,3,0,0,87,189,5,0,0,100,189,3,0,0,82,137,0,0,0,56,93,1,0,0,31,68,2,0,0,21,31,0,0,0,7,47,0,0,0,3,91,0,5,0,414,937,37,8,0,155.729927007299,157.975177304965,93.7027027027027,0,NA,7.029892,9.917153,3.929999,13.46646,NA
"224","E01030980",0,0,0,1,0,0,0,2,0,0,0,0,3,0,0,2,0,11,0,0,6,5,6,0,0,22,22,7,0,1,66,42,1,0,0,99,76,0,0,0,52,89,0,0,0,22,45,0,0,0,10,19,0,0,0,11,10,0,0,0,2,5,0,0,0,4,28,0,0,0,296,341,30,1,1,145.095890410959,155.769968051118,85.9666666666667,0,109,8.804104,12.350065,6.409119,2.822724,5.508555
"225","E01030981",0,0,0,1,0,0,0,2,0,0,0,0,0,0,0,1,0,3,0,0,6,9,14,0,0,32,15,11,0,0,98,43,1,0,0,102,97,0,0,0,69,85,0,0,0,39,53,1,1,0,29,20,0,0,0,5,8,0,0,0,3,7,0,0,0,6,46,1,0,0,390,383,33,2,0,146.380208333333,155.928783382789,96.5,88.5,NA,8.932344,12.930257,8.322006,6.527036,NA
"226","E01030742",0,0,0,1,0,0,0,0,0,0,0,0,0,0,0,3,0,1,0,0,13,26,5,0,0,24,45,8,0,0,54,162,0,0,0,58,162,2,0,0,55,111,0,0,0,31,73,0,0,0,17,43,0,0,0,8,18,0,0,0,3,7,0,0,0,5,64,0,0,0,271,711,16,1,0,148.172932330827,148.412673879444,104.9375,0,NA,8.116312,10.137458,7.432408,2.997946,NA
"227","E01030727",0,0,0,1,0,0,0,2,0,0,0,0,2,0,0,2,1,2,0,0,9,16,4,0,0,33,47,4,0,0,84,141,0,0,0,61,182,0,0,0,53,122,0,0,0,29,73,1,0,0,22,41,0,1,0,7,22,0,1,0,6,20,0,0,0,3,69,0,0,0,309,734,15,3,0,146.281045751634,153.398496240602,89.4666666666667,147.666666666667,NA,8.198985,10.291063,5.2731,8.961897,NA
"228","E01030373",0,0,0,2,0,0,0,0,0,0,0,0,2,0,0,2,0,2,0,0,10,22,6,0,0,17,54,2,0,0,56,98,4,0,0,66,142,1,0,0,63,99,0,0,0,28,56,0,0,0,17,54,1,0,0,12,20,0,0,0,9,24,0,0,0,4,63,0,0,0,284,632,18,2,0,153.696428571429,156.026362038664,107,0,NA,7.906642,10.169634,4.198645,1.23477,NA
"229","E01002650",0,0,0,2,0,0,0,2,0,0,0,0,3,0,0,7,0,14,0,0,14,12,23,0,0,30,27,15,0,1,67,71,3,0,0,74,140,2,0,0,52,109,0,0,0,30,56,0,0,0,15,25,1,0,0,8,9,0,0,0,4,12,0,0,0,4,29,0,0,0,305,490,63,2,1,143.996677740864,153.39262472885,95.6031746031746,0,109,8.036348,10.304551,7.273616,2.646132,6.031485
"230","E01002613",0,0,0,0,0,0,0,0,0,0,0,0,2,0,0,0,0,4,0,0,14,19,5,0,0,28,22,5,0,0,77,93,3,0,0,51,107,1,0,0,47,95,0,0,0,23,51,1,0,0,17,37,2,0,0,3,5,0,0,0,9,8,0,1,0,5,46,0,1,0,274,483,23,2,0,145.345724907063,151.274599542334,109.739130434783,317,NA,8.713489,10.635152,6.075409,16.966461,NA
"231","E01002612",0,0,0,2,0,0,0,6,0,0,0,0,2,0,0,0,0,5,0,0,10,17,7,0,0,17,20,7,0,0,43,58,3,0,0,58,108,0,0,0,38,72,0,0,0,17,53,0,0,0,17,30,0,1,0,4,10,0,0,0,4,10,0,0,0,1,32,1,0,0,209,410,31,3,0,147.995192307692,154.880952380952,83.3,64,NA,8.51051,11.235248,5.43962,7.232488,NA
"232","E01002615",0,0,0,0,0,0,0,3,0,0,0,0,1,0,0,4,0,1,0,0,5,9,4,0,0,16,11,10,0,0,35,53,2,0,0,38,81,0,0,0,29,80,0,0,0,13,38,0,0,0,10,33,0,0,0,3,6,0,0,0,3,6,0,0,0,2,46,0,0,0,158,363,21,0,0,145.147435897436,156.596214511041,92.3809523809524,NA,NA,9.016317,11.792319,6.777138,NA,NA
"233","E01002614",0,0,0,2,0,0,0,1,0,0,0,0,1,0,0,2,1,4,0,0,4,14,8,0,0,25,33,4,0,1,70,115,5,0,0,57,132,0,1,0,48,103,0,0,0,24,64,0,0,0,10,37,1,0,0,11,8,0,0,0,3,9,0,1,0,3,36,0,0,0,257,552,24,4,1,146.393700787402,151.854651162791,99.0833333333333,116.5,110,8.712139,10.372444,7.155497,5.504448,4.498288
"234","E01030671",0,0,0,3,0,0,0,1,0,0,0,0,1,0,0,3,0,1,0,0,8,13,3,0,0,15,20,2,0,0,35,41,0,0,0,43,63,0,0,0,31,44,0,0,0,17,36,0,0,0,11,24,0,0,0,5,13,0,0,0,1,10,0,0,0,3,34,0,0,0,172,298,8,3,0,145.704142011834,159.746212121212,86.75,0,NA,7.004201,11.426691,6.144421,1.559661,NA
"235","E01030678",0,0,0,0,0,0,0,1,0,0,0,0,0,0,0,2,0,0,0,0,24,26,3,0,0,18,32,1,0,0,53,104,1,0,0,65,138,1,0,0,36,82,0,0,0,15,39,0,0,0,13,36,1,0,0,5,14,0,0,0,6,10,0,0,0,2,37,0,1,0,239,518,8,1,0,143.037974683544,149.550935550936,112.25,NA,NA,7.468867,9.291544,4.84223,18.748802,NA
"236","E01030673",0,0,0,2,0,0,0,1,0,0,0,0,0,0,0,2,1,2,0,0,4,9,4,0,0,19,26,1,0,0,45,74,2,0,0,56,66,1,0,0,44,65,0,0,0,26,35,0,0,0,24,36,0,0,0,9,11,0,0,0,4,27,0,0,0,3,49,0,1,0,236,399,11,3,0,153.214592274678,163.742857142857,96.9090909090909,0,NA,6.590899,10.522582,3.656523,7.484371,NA
"237","E01030670",0,0,0,1,0,0,0,0,0,0,0,0,0,0,0,1,1,1,0,0,6,11,4,0,0,10,20,1,0,1,40,66,0,0,0,50,76,0,0,0,28,46,0,0,0,15,32,0,0,0,8,18,0,0,0,2,8,0,0,0,1,4,0,0,0,5,37,0,0,0,166,319,6,1,1,143.254658385093,149.099290780142,94.3333333333333,0,110,8.095181,10.61716,4.409308,3.613963,5.048596
"238","E01030548",0,0,0,2,0,0,0,1,0,0,0,0,2,0,0,0,1,7,0,0,18,29,2,0,0,25,34,3,0,0,83,101,1,0,1,73,137,0,0,0,64,94,0,0,0,25,63,0,0,0,28,52,1,0,0,9,22,0,0,0,13,29,0,0,0,2,45,0,3,0,340,607,17,5,1,150.352071005917,159.692170818505,92.8823529411765,0,112,7.518065,10.071412,4.114184,13.725393,6.006844
"239","E01030543",0,0,0,1,0,0,0,3,0,0,0,0,0,0,0,2,1,4,0,0,14,19,0,0,0,20,52,0,0,0,60,164,1,0,0,77,167,0,0,0,51,94,0,0,0,29,63,0,0,0,34,55,0,1,0,8,22,0,0,0,7,19,0,0,0,2,57,0,0,0,304,713,8,2,0,152.076158940397,151.765243902439,73.5,98,NA,7.722539,9.64732,2.722107,8.594113,NA
"240","E01003828",0,0,0,2,0,0,0,4,0,0,0,0,2,0,0,1,0,3,0,0,13,17,8,0,0,11,34,4,0,1,46,91,1,0,0,67,109,2,0,0,59,90,0,0,0,18,58,0,0,0,12,46,1,0,0,6,14,0,0,0,2,14,0,0,0,4,52,0,0,0,239,525,25,2,1,147.404255319149,155.99577167019,92.56,0,107,7.884494,10.118082,4.830334,0.810403,6.026009
"241","E01030997",0,0,0,2,0,0,0,1,0,0,0,0,3,0,0,3,2,1,0,0,9,19,5,0,0,20,51,1,0,0,71,139,3,0,0,75,159,3,0,0,49,102,0,1,0,27,70,0,0,0,28,49,0,0,0,13,20,0,0,0,4,23,0,0,0,4,63,0,1,0,303,697,17,4,0,150.8127090301,154.580441640379,100.235294117647,52,NA,7.259225,10.138012,3.655835,10.804243,NA
"242","E01030687",0,0,0,1,0,0,0,1,0,0,0,0,2,0,0,1,0,2,0,0,13,20,2,0,0,20,35,2,0,0,69,99,2,0,0,57,107,0,0,0,40,80,0,0,0,17,46,0,0,0,25,36,0,0,0,7,11,0,0,0,4,14,0,0,0,5,62,0,0,0,258,510,11,1,0,146.873517786561,151.883928571429,88.8181818181818,0,NA,7.235222,11.676419,4.434322,0.331279,NA
"243","E01030655",0,0,0,1,0,0,0,7,0,0,0,0,1,0,0,4,1,4,0,0,18,33,1,0,0,60,42,2,0,0,94,156,4,0,0,91,170,1,0,0,58,105,0,0,0,35,52,0,0,0,29,38,0,0,0,11,20,0,0,0,3,11,0,1,0,3,53,0,0,0,406,681,20,2,0,142.920595533499,147.46178343949,82.35,144,NA,6.667274,9.541559,4.017384,8.439424,NA
"244","E01030675",0,0,0,4,0,0,0,0,0,0,0,0,1,0,0,2,0,3,0,0,5,10,2,0,0,12,32,0,0,0,54,79,0,0,0,50,91,1,0,0,44,76,0,0,0,20,40,0,0,0,13,31,0,0,0,6,8,0,0,0,3,7,0,0,0,3,39,0,0,0,212,413,7,4,0,148.047846889952,151.641711229947,89.1428571428571,0,NA,6.923414,10.139566,2.931064,2.073921,NA
"245","E01030672",0,0,0,6,0,0,0,5,0,0,0,0,4,0,0,1,0,3,0,0,18,22,4,0,0,27,52,3,0,0,90,136,6,0,0,105,150,3,0,0,76,86,0,0,0,57,75,0,0,0,35,52,1,0,0,19,25,0,0,0,11,31,0,0,0,3,71,0,2,0,442,700,29,8,0,153.451025056948,156.691573926868,95.7931034482759,0,NA,6.711016,10.179348,3.90002,8.161532,NA
"246","E01030677",0,0,0,1,0,0,0,2,0,0,0,0,0,0,0,3,0,2,0,0,9,16,3,0,0,36,36,2,0,1,75,124,2,0,0,73,120,2,0,0,61,95,0,0,0,47,56,0,0,0,37,66,2,0,0,29,30,0,0,0,14,31,0,0,0,9,84,0,1,0,393,658,15,2,1,159.239583333333,162.609756097561,107.866666666667,0,107,7.955404,11.650711,6.900478,6.970568,6.729637
"247","E01030679",0,0,0,4,0,0,0,4,0,0,0,0,0,0,0,5,0,1,0,0,16,16,5,0,0,19,34,3,0,0,76,95,2,0,0,75,115,0,0,0,58,68,0,0,0,44,46,0,0,0,26,43,2,1,0,12,12,0,0,0,11,36,0,1,0,14,65,0,0,0,356,530,17,6,0,152.578947368421,162.058064516129,96.4117647058823,83.1666666666667,NA,7.536761,10.650301,4.452389,6.3509,NA
"248","E01030710",0,0,0,0,0,0,0,0,0,0,0,0,0,0,0,4,0,4,0,0,19,18,9,0,1,25,32,4,0,0,82,80,2,0,0,77,156,0,0,0,64,109,0,0,0,33,58,0,0,0,22,33,0,0,0,6,11,0,0,0,6,4,0,0,0,2,40,0,0,0,340,541,19,0,1,146.245562130178,150.357285429142,95.6315789473684,NA,99,8.610113,10.736463,5.488381,NA,4.060232
"249","E01002949",0,0,0,2,0,0,0,2,0,0,0,0,0,0,0,1,0,5,0,0,11,25,5,0,0,16,47,1,0,1,70,128,1,0,0,68,145,0,1,0,26,111,0,0,0,23,73,0,2,0,16,63,1,0,0,10,9,0,0,0,3,6,0,0,0,4,50,0,2,0,248,657,15,7,1,146.372950819672,150.682042833608,91.5333333333333,100.8,104,8.110422,10.1926,4.378005,11.613571,6.757015
"250","E01030711",0,0,0,0,0,0,0,1,0,0,0,0,2,0,0,2,1,1,0,0,13,27,4,0,0,30,38,1,0,0,63,108,2,0,0,54,139,0,0,0,45,98,0,0,0,33,76,1,0,0,23,40,1,0,0,5,6,0,0,0,7,6,0,0,0,3,39,0,0,0,278,578,13,0,0,148.152727272727,148.951762523191,104.615384615385,NA,NA,8.819325,10.212378,6.933712,NA,NA
"251","E01002948",0,0,0,0,0,0,0,4,0,0,0,0,3,0,0,2,2,4,0,0,16,28,9,0,0,27,43,3,0,0,76,125,3,0,0,76,165,0,0,0,58,118,0,0,0,27,57,0,0,0,20,44,0,0,1,14,20,0,0,0,7,10,0,1,0,4,57,0,0,0,327,669,26,1,1,149.201238390093,150.104575163399,86.6538461538462,397,219,7.576128,9.758969,4.213446,15.863107,3.419575
"252","E01030750",0,0,0,0,0,0,0,0,0,0,0,0,0,0,0,3,1,3,0,0,8,25,2,0,0,28,34,5,0,0,56,98,0,0,0,55,144,0,0,0,44,77,0,0,0,22,63,0,0,0,12,39,2,0,0,1,13,0,0,0,4,6,0,0,0,1,38,0,0,0,234,538,12,0,0,142.223175965665,150.664,114,NA,NA,8.234717,10.307039,8.404517,NA,NA
"253","E01030753",0,0,0,4,0,0,0,2,0,0,0,0,2,0,0,4,0,9,0,0,18,30,3,0,0,19,64,2,0,0,73,137,1,0,0,75,187,2,0,0,40,97,0,1,0,49,64,0,0,0,23,43,2,0,0,11,26,0,0,0,5,15,0,0,0,2,78,0,0,0,319,741,23,5,0,149.457413249211,150.001508295626,99.0434782608696,33.2,NA,7.742392,10.431017,4.76136,7.861464,NA
"254","E01030752",0,0,0,1,0,0,0,2,0,0,0,0,0,0,0,2,0,13,0,0,13,15,6,0,0,29,30,4,0,0,68,93,2,0,1,57,120,0,0,0,34,98,0,0,0,24,65,0,0,0,11,25,0,0,0,7,12,0,0,0,6,9,0,0,0,2,40,0,1,0,253,507,27,2,1,143.270916334661,152.220556745182,88.7037037037037,0,119,8.17659,10.58867,4.717519,9.789185,4.993839
"255","E01030755",0,0,0,2,0,0,0,3,0,0,0,0,2,0,0,2,0,6,0,0,19,32,5,0,1,36,38,3,0,1,70,127,1,0,0,83,163,0,0,0,44,120,0,0,0,15,72,0,0,0,18,30,0,0,0,8,15,0,0,0,5,11,0,0,0,3,59,0,3,0,303,667,20,5,2,141.823333333333,149.419407894737,84.2,0,103,7.436797,9.85808,4.423408,12.985078,3.548254
"256","E01030751",0,0,0,1,0,0,0,3,0,0,0,0,1,0,0,6,0,1,0,0,11,23,2,0,0,15,37,2,0,0,66,106,0,0,0,45,152,2,0,0,33,93,0,0,0,18,51,0,0,0,13,31,2,1,0,7,12,0,0,0,5,7,0,1,0,4,51,0,1,0,223,563,13,4,0,145.246575342466,147.97265625,104.230769230769,175,NA,7.859423,10.229742,6.720791,12.519506,NA
"257","E01030736",0,0,0,3,0,0,0,8,0,0,0,0,3,0,0,1,0,8,0,0,15,27,7,0,1,27,43,4,0,0,66,103,7,0,0,54,109,0,0,0,46,95,0,1,0,20,71,0,0,0,18,48,0,0,0,5,23,0,0,0,4,11,0,1,0,8,39,1,0,0,264,569,38,5,1,144.5,154.28679245283,82.4864864864865,92.6,100,7.87284,10.444084,3.709604,8.636276,2.006844
"258","E01030988",0,0,0,3,0,0,0,7,0,0,0,0,0,0,0,1,0,4,0,0,12,25,8,0,0,28,38,1,0,0,86,121,4,0,0,79,139,3,0,0,60,87,0,0,0,40,61,0,0,0,21,49,2,0,0,4,19,0,0,0,3,22,0,0,0,5,60,0,3,0,339,621,29,6,0,145.074850299401,154.591800356506,94.2068965517241,0,NA,7.559157,10.23018,4.910004,11.63769,NA
"259","E01030989",0,0,0,3,0,0,0,5,0,0,0,0,0,0,0,2,0,6,0,0,13,18,13,0,1,32,57,3,0,0,74,103,2,1,0,90,121,2,1,0,60,75,0,0,0,32,68,0,0,0,19,57,2,0,0,8,18,0,0,0,3,10,0,0,0,3,66,0,0,0,336,593,33,5,1,145.840840840841,153.521821631879,92.6363636363636,50.8,91,7.102221,10.141758,4.901265,5.783435,6.212183
"260","E01030443",0,0,0,1,0,0,0,6,0,0,0,0,0,0,0,4,0,4,0,0,10,16,1,0,0,18,35,0,0,0,52,125,0,0,1,89,116,0,0,0,67,87,0,0,0,41,61,0,0,0,20,55,1,0,0,14,20,0,0,0,4,29,0,0,0,4,59,0,1,0,323,603,12,2,1,152.94670846395,159.099264705882,68.6666666666667,0,119,6.588065,10.325514,3.646132,12.825461,6.047912
"261","E01030442",0,0,0,5,0,0,0,7,0,0,0,0,2,0,0,1,0,2,0,0,13,25,6,0,0,27,44,2,0,0,73,158,5,0,0,91,139,5,0,0,71,87,0,0,0,56,85,0,0,0,51,69,1,0,0,23,27,0,0,0,11,48,0,0,0,3,86,0,3,0,420,768,30,8,0,159.73860911271,163.071847507331,95.5,0,NA,6.232635,10.056118,4.163357,9.541751,NA
"262","E01030445",0,0,0,2,0,0,0,2,0,0,0,0,2,0,0,1,0,0,0,0,6,27,3,0,0,25,45,1,0,0,64,132,2,0,0,74,134,3,0,0,74,98,0,0,0,42,69,0,0,0,33,55,0,0,0,12,23,0,0,0,9,22,0,0,0,4,64,0,1,0,344,669,13,3,0,155.888235294118,155.352066115702,97.1538461538462,0,NA,7.252263,10.578684,3.616911,7.98996,NA
"263","E01030374",0,0,0,2,0,0,0,8,0,0,0,0,0,0,0,0,2,4,0,0,18,36,0,0,1,24,56,5,0,1,71,147,2,0,0,67,143,1,0,0,60,109,0,0,0,32,51,0,0,0,30,37,2,0,0,12,27,0,0,0,6,32,0,0,0,3,61,0,0,0,323,701,22,2,2,151.0625,153.39375,88.1818181818182,0,101,6.403366,9.188321,4.882334,1.493497,4.728268
"264","E01030763",0,0,0,4,0,0,0,4,0,0,0,0,2,0,0,2,0,4,0,0,17,18,2,0,0,20,33,2,0,0,75,104,4,0,0,66,104,4,0,0,51,78,0,0,0,26,45,0,0,0,38,50,0,0,0,23,27,0,0,0,17,27,0,0,0,3,78,0,1,0,338,564,22,5,0,159.077611940299,161.845679012346,96.8636363636364,0,NA,7.378531,11.583101,4.255615,5.848048,NA
"265","E01030311",0,0,0,1,0,0,0,0,0,0,0,0,1,0,0,1,0,2,0,0,7,21,3,0,0,18,54,3,0,0,52,110,0,0,0,68,147,2,0,0,38,109,0,0,0,26,66,0,0,0,19,49,2,0,0,4,18,0,1,0,3,11,0,0,0,9,71,0,0,0,245,656,13,2,0,147.707627118644,153.167521367521,114.769230769231,115,NA,8.160493,11.368918,7.43179,9.73169,NA
"266","E01030310",0,0,0,4,0,0,0,2,0,0,0,0,0,0,0,5,0,2,0,0,7,28,8,0,0,22,55,2,0,0,68,110,3,0,0,60,133,2,0,0,52,113,0,0,0,38,62,0,0,0,20,53,0,0,0,11,17,0,0,0,2,28,0,0,0,5,58,0,0,0,290,657,19,4,0,149.112280701754,156.238731218698,95.7894736842105,0,NA,6.936121,9.687692,4.727403,1.753593,NA
"267","E01030359",0,0,0,1,0,0,0,7,0,0,0,0,2,0,0,5,0,2,0,0,17,32,9,0,0,26,58,8,0,0,99,150,3,0,0,92,189,0,0,0,60,114,0,0,0,32,73,0,0,0,26,62,2,0,0,8,15,0,0,0,3,20,0,0,0,4,59,0,0,0,372,772,33,1,0,143.940217391304,150.833099579243,91.2424242424242,0,NA,7.259697,9.643924,5.882396,2.997946,NA
"268","E01030358",0,0,0,2,0,0,0,3,0,0,0,0,2,0,0,1,0,2,0,0,10,21,4,0,0,12,47,1,0,0,52,89,1,0,0,63,123,0,0,0,36,90,0,0,0,20,61,0,0,0,18,47,2,0,0,7,23,0,0,0,0,16,0,0,0,3,56,0,0,0,222,573,15,2,0,146.388127853881,155.68665377176,95.2666666666667,0,NA,8.008782,11.080831,5.358521,2.027378,NA
"269","E01030297",0,0,0,5,0,0,0,1,0,0,0,0,2,0,0,3,0,7,0,0,13,34,6,0,0,19,72,2,0,0,66,179,4,0,1,97,179,3,0,0,65,106,0,0,0,34,80,0,0,0,32,34,3,0,0,12,27,0,0,0,6,29,0,0,0,2,64,0,0,0,349,804,28,5,1,152.527377521614,151.337837837838,108.178571428571,0,114,7.028345,9.014268,4.487337,2.113072,3.805612
"270","E01030296",0,0,0,10,0,0,0,4,0,0,0,0,0,0,0,3,0,7,0,0,13,21,4,0,0,21,57,8,0,0,72,148,4,0,0,85,194,1,0,0,59,119,0,0,0,41,60,0,0,0,31,78,1,0,0,19,35,0,0,0,9,28,0,0,0,3,73,0,1,0,356,813,29,11,0,155.016997167139,157.159459459459,95.9310344827586,0,NA,6.359034,10.087765,4.608557,4.271046,NA
"271","E01002605",0,0,0,0,0,0,0,2,0,0,0,0,1,0,0,2,0,4,0,0,13,18,12,0,0,21,24,6,0,1,51,69,4,0,0,70,117,2,0,0,46,99,0,0,0,18,60,0,1,0,15,57,0,0,0,16,12,0,0,0,5,5,0,1,0,6,41,1,0,0,263,502,32,2,1,150.097276264591,156.177874186551,96.3225806451613,228,107,9.051375,11.275851,5.068044,14.750171,6.551676
"272","E01030993",0,0,0,1,0,0,0,2,0,0,0,0,1,0,0,58,0,5,0,0,66,26,2,0,0,46,43,7,0,0,80,136,0,0,0,77,157,0,0,0,49,126,0,0,0,30,76,0,0,0,16,44,0,0,0,6,18,0,0,0,1,15,0,0,0,3,60,1,1,0,432,701,18,2,0,128.298368298368,152.040561622465,88.0588235294118,0,NA,6.798013,9.923274,6.551676,11.290896,NA
"273","E01030341",0,0,0,5,0,0,0,1,0,0,0,0,1,0,0,1,0,9,0,0,7,21,5,0,0,31,58,4,0,0,85,148,5,0,0,109,158,1,0,0,64,108,0,0,0,53,80,0,0,0,37,67,2,0,0,8,24,0,1,0,5,40,0,0,0,4,64,0,0,0,404,768,28,6,0,151.0075,158.350852272727,101.428571428571,42.1666666666667,NA,6.220017,9.302065,4.468465,3.539127,NA
"274","E01030340",0,0,0,5,0,0,0,3,0,0,0,0,1,0,0,0,0,2,0,0,9,18,3,0,0,20,45,4,0,0,57,125,2,0,0,76,132,4,0,0,56,86,0,0,0,35,57,0,0,0,16,53,0,0,0,5,19,0,0,0,1,21,0,1,0,1,51,0,2,0,276,607,19,8,0,147.469090909091,154.260791366906,97.3684210526316,62.6666666666667,NA,6.461605,9.410078,5.460859,9.023613,NA
"275","E01030343",0,0,0,4,0,0,0,9,0,0,0,0,5,0,0,1,0,4,0,0,6,19,1,0,0,22,44,3,0,0,51,146,4,0,0,82,143,3,0,0,75,104,0,0,0,47,59,0,0,0,51,67,1,0,0,19,32,0,0,0,4,42,0,0,0,5,94,0,1,0,363,750,30,5,0,160.530726256983,161.239329268293,85.5,0,NA,6.814917,10.347153,3.886104,5.291169,NA
"276","E01030342",0,0,0,16,0,0,0,12,0,0,0,0,5,0,0,3,2,1,0,1,9,24,6,0,0,20,54,2,0,0,48,149,8,0,1,70,117,6,0,0,102,97,1,0,0,75,71,0,0,0,73,90,3,0,0,34,45,0,0,0,13,137,0,0,0,1,99,1,1,0,448,885,45,17,2,169.152125279642,182.408396946565,97.5909090909091,0,99,5.560788,9.402076,4.007777,3.41571,2.58453
"277","E01030345",0,0,0,5,0,0,0,5,0,0,0,0,2,0,0,0,0,5,0,0,10,24,6,0,0,31,35,3,0,0,52,125,5,0,0,82,124,1,0,0,54,97,0,0,0,44,50,0,0,0,42,53,4,0,0,29,28,0,0,0,14,48,0,0,0,8,58,0,2,0,366,642,31,7,0,162.779329608939,165.095890410959,98.1612903225806,0,NA,6.965862,9.913256,4.648428,8.7709,NA
"278","E01030344",0,0,0,5,0,0,0,5,0,0,0,0,3,0,0,1,1,1,0,0,6,18,1,0,0,22,44,2,0,0,55,97,3,0,0,70,102,4,0,0,95,69,0,0,0,44,46,0,0,0,62,70,1,0,0,35,33,0,0,0,10,60,0,0,0,4,58,0,1,0,404,598,20,6,0,166.5275,171.601851851852,92.7,0,NA,6.158225,9.046436,3.676796,3.547706,NA
"279","E01030368",0,0,0,3,0,0,0,3,0,0,0,0,0,0,0,2,0,2,0,0,6,24,5,0,0,29,54,3,0,0,61,130,1,0,0,81,156,3,0,0,62,92,0,1,0,21,71,0,0,0,23,42,1,0,0,11,13,0,0,0,1,13,0,0,0,3,57,0,1,0,300,652,18,5,0,148.060606060606,149.699159663866,101,37.75,NA,7.187706,10.252788,5.97764,9.185489,NA
"280","E01030361",0,0,0,2,0,0,0,1,0,0,0,0,0,0,0,3,0,0,0,0,16,23,4,0,0,33,65,2,0,0,78,153,2,0,0,86,187,1,0,0,51,138,0,0,0,28,80,0,0,0,24,60,0,0,0,5,21,0,0,0,10,21,0,0,0,4,86,0,0,0,338,834,10,2,0,146.59880239521,152.510695187166,102.2,0,NA,8.007284,10.847015,4.548664,2.974674,NA
"281","E01030369",0,0,0,6,0,1,0,4,0,0,0,0,0,0,0,4,1,3,0,0,9,23,4,0,0,29,70,1,0,0,64,178,4,0,0,110,166,8,0,0,79,113,0,0,0,48,61,1,0,0,44,74,2,0,0,22,36,0,0,0,13,41,0,0,0,0,92,0,0,0,423,855,27,6,0,158.212765957447,157.673656618611,115.703703703704,0,NA,6.730465,10.155446,5.397114,3.766369,NA
"282","E01031001",0,0,0,3,0,0,0,4,0,0,0,0,3,0,0,1,2,6,0,0,9,20,6,0,0,23,54,5,0,1,75,119,2,0,0,77,124,3,0,0,45,98,0,0,0,36,67,0,0,0,17,50,2,0,0,6,23,0,0,0,6,21,0,0,0,3,62,0,1,0,298,640,31,4,1,147.406779661017,155.314878892734,98.2903225806452,0,104,7.190858,9.928484,4.821266,7.105406,3.895961
"283","E01030306",0,0,0,5,0,0,0,7,0,0,0,0,5,0,0,0,1,3,0,0,2,25,0,0,0,23,40,0,0,0,47,97,5,0,0,64,109,4,0,0,75,62,0,0,0,50,67,0,0,0,57,66,2,0,0,21,33,0,0,0,9,73,0,0,0,2,75,0,0,0,350,648,26,5,0,165.086206896552,174.361256544503,93.9230769230769,0,NA,6.062891,9.153119,3.435686,1.665707,NA
"284","E01030307",0,0,0,8,0,0,0,11,0,0,0,0,4,0,0,1,2,5,0,0,5,34,8,0,0,19,65,0,0,0,45,156,4,0,1,87,153,4,0,0,79,90,0,0,0,59,52,0,0,0,56,66,1,0,0,28,38,0,0,0,8,60,0,1,0,3,67,0,2,0,390,783,37,11,1,165.397932816537,161.980446927374,82.4324324324324,29,119,6.411063,8.418876,4.348446,6.769957,5.645448
"285","E01030304",0,0,0,0,0,0,0,4,0,0,0,0,0,0,0,3,1,0,0,0,18,23,2,0,0,59,33,0,0,0,84,95,1,0,0,76,147,0,0,0,45,104,0,0,0,30,65,0,0,0,16,36,1,0,0,9,12,0,0,0,3,13,0,0,0,4,45,0,0,0,347,574,8,0,0,140.151603498542,152.230623818526,81.875,NA,NA,7.066123,10.217677,4.008555,NA,NA
"286","E01030744",0,0,0,0,0,0,0,1,0,0,0,0,1,0,0,5,0,3,0,0,10,14,3,0,0,20,26,1,0,1,57,75,1,0,0,42,129,1,0,0,38,97,0,0,0,18,47,0,0,0,10,41,0,0,0,5,9,0,0,0,0,2,0,0,0,4,41,0,0,0,209,481,11,0,1,140.541463414634,151.106818181818,93.4545454545455,NA,104,8.431197,11.528018,5.190417,NA,3.895961
"287","E01030707",0,0,0,2,0,0,0,1,0,0,0,0,6,0,0,3,0,2,0,0,22,24,3,0,0,31,41,6,0,0,91,123,0,0,0,81,146,0,0,0,57,114,0,1,0,26,59,0,0,0,21,42,0,0,0,9,17,0,0,0,2,14,0,1,0,6,45,0,0,0,349,625,18,4,0,142.30612244898,150.956896551724,86.7777777777778,115,NA,7.970654,9.791528,4.980302,9.076659,NA
"288","E01030706",0,0,0,4,0,0,0,1,0,0,0,0,1,0,0,1,1,2,0,0,9,37,2,0,0,24,56,2,0,0,61,116,1,0,0,68,132,0,0,0,42,113,0,0,0,18,54,0,0,0,15,43,0,1,0,10,12,0,0,0,3,11,0,0,0,7,39,0,0,0,258,614,9,5,0,146.266932270916,148.784347826087,87.8888888888889,38.8,NA,8.526977,9.867883,5.645105,5.710609,NA
"289","E01030305",0,0,0,5,0,0,0,6,0,0,0,0,5,0,0,2,0,9,0,0,6,29,1,0,0,23,44,1,0,0,63,113,1,0,0,87,102,3,0,0,83,74,1,0,0,69,50,1,0,0,55,60,2,0,0,24,37,0,1,0,9,66,0,0,0,3,70,0,0,0,424,645,30,6,0,162.667458432304,170.972173913043,92.8333333333333,38.6666666666667,NA,5.702929,9.327972,4.440245,4.048824,NA
"290","E01030302",0,0,0,4,0,0,0,3,0,0,0,0,2,0,0,1,0,2,0,1,10,24,7,0,0,19,41,3,0,0,68,154,4,0,0,80,165,0,0,0,78,103,1,0,1,60,67,0,0,0,24,74,2,0,0,19,33,0,0,0,9,34,0,0,0,5,82,0,1,0,373,777,24,5,2,157.695652173913,159.279136690647,98.7916666666667,0,121,6.710346,9.572267,4.898242,6.339219,2.477754
"291","E01030303",0,0,0,8,0,0,0,2,0,0,0,0,1,0,0,0,0,1,0,0,11,21,2,0,0,18,45,2,0,0,52,142,4,0,1,99,146,6,0,0,83,83,0,0,0,67,62,0,0,0,48,70,1,0,0,30,37,0,1,0,6,70,0,0,0,3,89,0,0,0,417,765,19,9,1,162.74154589372,168.344674556213,114.157894736842,25.8888888888889,119,5.848127,9.48573,5.13808,3.503231,5.760438
"292","E01030300",0,0,0,3,0,0,0,0,0,0,0,0,1,0,0,2,0,0,0,0,8,28,2,0,0,26,35,2,0,0,53,93,0,0,0,69,123,0,0,0,49,90,0,0,0,18,62,1,0,0,25,47,1,1,0,10,17,0,0,0,5,14,0,0,0,2,50,0,1,0,267,559,7,5,0,150.162264150943,154.493123772102,122.142857142857,50.5,NA,7.993375,10.602265,7.823994,8.838329,NA
"293","E01030301",0,0,0,6,0,0,0,6,0,0,0,0,1,0,0,1,0,0,0,0,10,20,3,0,0,17,35,6,0,0,66,126,3,0,0,77,121,4,0,0,54,93,0,0,0,37,64,0,0,0,41,50,5,0,0,22,24,0,0,0,9,48,0,0,0,4,65,0,5,0,338,646,28,11,0,159.580838323353,167.084337349398,108.964285714286,0,NA,6.521859,9.580469,5.310647,11.918859,NA
"294","E01030991",0,0,0,1,0,0,0,0,1,0,0,0,1,0,0,2,0,3,0,0,9,28,3,0,0,23,47,5,0,0,49,114,2,0,0,52,143,1,0,0,44,110,0,0,0,27,59,0,0,0,10,46,0,0,0,3,15,0,0,0,2,9,0,0,0,4,43,0,1,0,225,614,15,3,0,144.294117647059,149.821366024518,100.266666666667,0.5,NA,8.296689,10.088742,5.314363,3.223819,NA
"295","E01030694",0,0,0,0,0,0,0,0,0,0,0,0,0,0,0,3,0,1,0,0,8,21,2,0,0,20,22,2,0,0,47,105,3,0,0,48,143,2,0,0,44,64,0,0,0,17,60,0,0,0,14,33,0,0,0,7,14,0,1,0,1,17,0,0,0,6,50,0,0,0,215,529,10,1,0,145.822966507177,153.866388308977,111.1,248,NA,8.792696,10.672084,4.697603,14.157426,NA
"296","E01030376",0,0,0,3,0,0,0,2,0,0,0,0,1,0,0,4,2,3,0,0,4,10,4,0,0,10,39,5,0,1,48,89,1,0,0,57,91,0,0,0,46,70,0,0,0,28,34,0,0,0,27,53,1,0,0,4,29,0,0,0,3,33,0,0,0,4,48,0,2,0,235,498,17,5,1,152.805194805195,166.262222222222,94.8235294117647,0,106,6.50307,9.697589,6.211377,10.242299,3.019849
"297","E01030656",0,0,0,0,0,0,0,1,0,0,0,0,2,0,0,2,0,4,0,0,15,11,3,0,0,22,37,2,0,0,56,94,1,0,0,53,116,0,0,0,41,88,0,0,0,24,67,0,0,0,17,54,0,0,0,14,19,0,0,0,10,17,0,0,0,8,51,0,0,0,262,554,13,0,0,152.236220472441,159.047713717694,86.5384615384615,NA,NA,8.313368,10.751,5.905333,NA,NA
"298","E01030308",0,0,0,9,0,0,0,6,0,0,0,0,3,0,0,2,0,2,0,0,8,19,3,0,0,23,57,2,0,0,68,144,6,0,1,88,127,3,0,0,69,89,0,0,0,61,52,1,0,0,50,50,2,0,0,22,30,0,0,0,21,48,0,0,0,2,78,0,3,0,414,694,28,12,1,164.242718446602,160.941558441558,102.035714285714,0,114,6.102199,9.5761,4.176884,7.201687,4.112251
"299","E01002607",0,0,0,0,0,0,0,2,0,0,0,0,2,0,0,3,0,3,0,0,8,15,12,0,0,17,32,6,0,0,56,77,4,0,1,80,132,0,0,0,65,98,0,1,0,23,66,0,1,0,26,34,0,0,0,6,17,0,0,0,9,13,0,1,0,6,46,0,0,0,299,530,29,3,1,152.682593856655,156.138429752066,92.7241379310345,250.666666666667,114,9.13954,11.387827,6.97584,15.461555,4.147843
"300","E01030697",0,0,0,1,0,0,0,1,0,0,0,0,1,0,0,1,0,3,0,0,15,24,7,0,0,24,45,1,0,0,69,137,0,0,0,66,163,0,0,0,49,144,0,0,0,21,73,0,0,0,19,45,1,0,0,7,15,0,0,0,3,4,0,0,0,1,52,0,0,0,275,702,14,1,0,145.098540145985,149.189230769231,92.3571428571429,0,NA,7.7857,10.978714,5.493888,2.080766,NA
"301","E01030719",0,0,0,2,0,0,0,1,0,0,0,0,2,0,0,1,0,1,0,0,8,28,5,0,0,27,50,4,0,0,66,117,2,0,0,68,144,0,0,0,42,111,0,0,0,19,59,0,0,0,15,39,3,0,0,8,20,0,0,0,5,13,0,0,0,9,59,0,0,0,268,640,18,2,0,145.969111969112,150.938037865749,108.722222222222,0,NA,8.266678,10.581625,6.69374,2.754277,NA
"302","E01030718",0,0,0,0,0,0,0,2,0,0,0,0,0,0,0,1,0,2,0,0,8,22,3,0,0,24,45,3,0,0,44,97,2,0,0,44,131,1,0,0,44,101,0,0,0,18,54,0,0,0,19,44,2,0,0,10,8,0,0,0,12,8,0,2,0,3,61,0,0,0,227,571,15,2,0,154.482142857143,149.350980392157,106.066666666667,341,NA,7.95477,10.543863,5.969061,15.520875,NA
"303","E01030740",0,0,0,0,0,0,0,2,0,0,0,0,1,0,0,2,0,9,0,0,10,22,0,0,0,20,38,2,0,0,75,127,1,0,0,83,151,0,0,0,50,129,0,0,0,21,54,0,0,0,21,37,1,0,0,4,19,0,0,0,4,9,0,1,0,3,40,0,2,0,293,626,16,3,0,144.979310344828,150.081911262799,89.375,310,NA,8.092796,9.584576,3.268137,18.425735,NA
"304","E01030966",0,0,0,3,0,0,0,0,0,0,0,0,0,0,0,2,2,3,0,0,14,22,4,0,0,29,42,2,0,0,56,100,1,0,0,56,97,1,0,0,39,82,0,0,0,26,48,0,0,0,15,32,0,0,0,9,17,0,0,0,6,10,0,0,0,6,51,0,0,0,258,503,11,3,0,147.087301587302,150.046460176991,99.2727272727273,0,NA,7.228436,10.17935,4.609295,1.075975,NA
"305","E01030967",0,0,0,0,0,0,0,3,0,0,0,0,0,0,0,1,0,3,0,0,4,31,6,0,0,18,45,4,0,0,70,138,1,0,0,69,155,1,0,0,45,122,0,0,0,36,64,0,0,0,25,45,0,0,0,8,20,0,0,0,7,15,0,0,0,3,59,0,0,0,286,694,18,0,0,152.791519434629,151.190551181102,89.6111111111111,NA,NA,7.358413,9.613956,4.865616,NA,NA
"306","E01030964",0,0,0,6,0,0,0,5,0,0,0,0,1,0,0,2,0,1,0,0,11,26,2,0,0,26,40,5,0,0,85,122,3,0,0,82,156,2,0,0,61,94,0,0,0,41,70,0,0,0,14,47,1,0,0,7,11,0,0,0,2,25,0,0,0,1,55,0,1,0,332,646,20,7,0,145.36253776435,154.033840947547,97.1,0,NA,7.318662,9.971659,5.205475,4.068054,NA
"307","E01030965",0,0,0,6,0,0,0,4,0,0,0,0,1,0,0,0,0,4,0,0,10,22,4,0,1,22,50,5,0,0,76,146,3,0,0,69,142,4,0,0,52,88,0,0,0,40,82,1,0,0,31,58,4,0,0,9,114,1,0,0,13,49,0,1,0,0,144,0,2,0,322,895,31,9,1,155.537267080745,170.549933422104,114.258064516129,50.2857142857143,99,6.645324,8.080136,6.333796,7.446345,2.85284
"308","E01030732",0,0,0,3,0,0,0,4,0,1,0,0,0,0,0,2,2,2,0,0,8,25,1,0,0,20,44,5,0,0,72,134,4,0,0,68,163,2,0,0,51,102,0,0,0,27,57,0,1,0,21,61,1,0,0,4,22,0,0,0,13,15,0,1,0,3,78,0,1,0,289,703,19,6,1,151.059440559441,152.8704,99.2105263157895,98.8,48,7.834553,10.620892,4.749882,7.345653,5.264887
"309","E01030735",0,0,0,0,0,0,0,5,0,0,0,0,1,0,0,2,2,6,0,0,13,24,5,0,0,23,24,3,0,0,61,115,1,0,0,56,132,2,0,0,65,91,0,0,0,27,50,0,0,0,19,56,0,0,0,6,12,0,0,0,1,7,0,0,0,3,52,0,0,0,276,565,23,0,0,146.831501831502,151.557504873294,85.2173913043478,NA,NA,7.776666,10.409868,3.919768,NA,NA
"310","E01030733",0,0,0,1,0,0,0,2,0,0,0,0,0,0,0,0,1,7,0,0,8,24,2,0,0,14,50,2,0,0,62,143,3,0,0,59,150,1,0,0,33,110,0,0,0,29,72,0,0,0,14,55,1,0,0,16,26,0,0,0,9,16,0,0,0,3,70,0,2,0,247,717,18,3,0,154.922131147541,153.593508500773,97.5555555555556,0,NA,8.274519,10.292196,4.426952,13.511293,NA
