"LAD11NM","2001","2002","2003","2004","2005","2006","2007","2008","2009","2010","2011","2012","2013","2014","2015","2016","2017","2018"
"Aberdeen City",81036,83128,82383,83948,85468,86779,88743,90544,90733,90971,91481,93034,95162,96298,94683,94296,94027,94159
"Aberdeenshire",105654,110447,113925,118692,122965,125365,129051,132162,133278,134617,136209,138523,141428,144493,144285,144335,144720,144750
"Adur",26257,26889,27295,27931,28500,28473,28777,28860,29005,29135,29144,29430,29840,30175,30460,30825,30901,31008
"Allerdale",41471,42948,43821,45042,45933,45992,46498,46773,46975,47146,47226,47510,48207,49314,49731,50343,50649,50890
"Amber Valley",53525,55287,56005,57897,59406,59426,59983,60720,61127,61208,61810,62540,63472,64454,65341,66819,67872,68433
"Angus",46247,47706,48930,50541,52236,52859,53868,54635,54912,54928,55204,55709,56477,57413,58100,58549,59051,59165
"Argyll and Bute",35361,36549,37539,39054,40051,40274,40687,40969,41003,40850,40868,40934,41142,41407,41781,42134,42295,42452
"Arun",79398,80315,78008,73897,74528,75157,75696,75945,76077,76724,77172,78032,79108,80902,83009,85036,86495,87032
"Ashfield",44952,46220,47390,48999,50218,50476,51337,51980,52221,52542,52916,53628,54811,56169,57070,58557,59438,60241
"Ashford",49357,50957,52706,54758,56250,56993,57894,58766,59679,60202,60868,61875,63109,64271,65745,67349,68640,69687
"Aylesbury Vale",79400,81645,83648,86171,88093,88665,89957,91151,92327,93722,94857,96706,98814,101230,103741,106514,107884,109380
"Babergh",42780,44435,45285,46232,47130,47194,47959,48235,48281,48561,49091,49409,49825,51011,51837,52773,53399,53968
"Barking and Dagenham",49271,50316,50816,52516,53331,53683,54308,55286,55280,55606,55795,56089,57071,58812,61481,62890,63069,63928
"Barnet",123110,124770,126325,129177,131185,131125,132654,134039,133957,135538,135950,136313,136314,137839,140138,142114,142315,142151
"Barnsley",82603,86369,87971,93265,95637,95672,97118,98434,98751,99176,99421,100218,101936,104546,106563,109008,111134,112784
"Barrow-in-Furness",24812,25483,25958,27211,27842,27811,28103,28376,28336,28155,28034,28125,28360,28837,29285,29687,29736,29847
"Basildon",75456,76149,76706,78453,79367,79594,80115,80726,80857,81113,81561,82775,84490,86491,88153,89567,90192,90960
"Basingstoke and Deane",75174,76985,78020,80258,82275,82810,84072,85328,86579,88118,89455,90732,92077,94052,95047,96247,97065,97916
"Bassetlaw",47207,48873,49970,51498,52954,53093,53997,54810,54799,54793,55092,55497,56032,57367,57996,59178,59867,60629
"Bath and North East Somerset",73480,75752,76335,77931,81819,85424,94212,95210,92551,86791,87088,84620,84179,86784,89254,90853,92238,94176
"Bedford",65199,66728,68322,70273,72081,72158,80702,80874,85059,86180,85304,85642,86058,91715,101905,113362,117522,105556
"Bexley",91323,93411,94953,96530,98600,98263,98952,99675,99972,99992,99322,99956,101087,103102,104314,105715,105907,105496
"Birmingham",476403,505734,507584,562687,538969,487463,492671,497455,511062,550400,578186,551196,548556,567560,592928,627490,658796,657450
"Blaby",44712,46127,46759,47873,49036,48934,49678,49919,50380,50810,51071,51608,52121,53737,56469,54932,55660,56394
"Blackburn with Darwen",47367,50014,51452,53118,54639,55422,56837,57841,57885,57132,55348,54234,54216,55260,56175,57139,58093,58861
"Blackpool",50585,52352,53320,54705,55629,55003,55404,55428,55261,54790,54208,53933,54015,54659,55335,55915,56310,56567
"Blaenau Gwent",24952,26268,27056,28126,28945,29139,29696,29992,29899,29834,29812,30164,30680,31183,31730,32259,32665,33238
"Bolsover",29476,30534,31310,32856,33882,34073,34332,34685,34933,35128,35373,35926,36527,37497,38091,39083,39768,40426
"Bolton",99322,102091,104024,107528,110334,111041,112073,113744,114160,114403,112260,112043,113198,114803,116654,119217,120577,122215
"Boston",25677,26687,27342,28466,29305,29707,30232,30422,30721,30989,31277,31508,31751,32266,32894,33719,34406,34929
"Bournemouth",70722,72530,73500,74909,75790,76077,77489,77958,78532,79159,79197,79627,80556,82186,83752,85585,86191,86526
"Bracknell Forest",67213,68015,68166,71113,70547,70796,66254,69997,80004,85304,78919,78562,81600,80138,81811,81685,82098,82884
"Bradford",160914,166532,170151,176976,181847,181844,184427,187306,187912,186423,184760,183833,185106,188797,192375,195256,198559,202180
"Braintree",64962,66916,68082,70444,72386,72835,73888,74705,75441,76218,77084,77786,78638,80180,81500,82890,83560,84122
"Breckland",57460,59464,60795,62791,65598,66165,67340,67289,68078,69148,70270,71367,71818,73606,75542,77239,78150,78798
"Brent",83055,84598,84958,86979,88128,88137,88935,89441,88749,88985,87932,87354,87309,88793,91284,93166,92489,92066
"Brentwood",48420,50206,49076,46990,46878,45908,46350,47770,46763,46400,47377,48997,48714,51791,52553,52418,49999,50118
"Bridgend",54144,57240,59363,62614,64173,64616,65608,66104,66253,66695,66991,67552,68441,70407,71927,73001,73798,74296
"Brighton and Hove",84811,86507,87407,89225,90952,91163,90509,90264,90365,90191,89722,89222,89622,90875,92345,93361,93297,93127
"Bristol, City of",164721,167665,167879,183717,184616,183759,185924,190248,186454,194864,208454,220213,231671,244310,255582,265213,181255,182178
"Broadland",61947,63834,64939,66341,67720,67979,68975,68873,69359,69756,70266,71102,71681,72640,73330,74692,75442,76127
"Bromley",129501,131983,133119,135745,137559,138030,139499,140130,140715,141192,142158,142909,144530,146044,147701,149188,149058,148739
"Bromsgrove",45436,47182,47780,49167,51251,51519,52390,53055,53374,53616,54265,54806,55286,56229,56970,57689,58175,58653
"Broxbourne",41782,42303,42995,43525,44344,44941,45675,46246,46135,46587,47226,47870,48515,49332,49875,50597,50911,50990
"Broxtowe",47428,47869,49025,50239,51619,51388,52348,53115,50592,50504,50538,51201,51641,52200,52635,53087,53361,54151
"Burnley",30864,31550,32135,33171,33908,33816,34082,34289,34189,34097,33729,33547,33911,34551,35155,35784,36406,36737
"Bury",106939,94738,82185,86213,92000,90780,91934,91854,91158,91927,89473,90043,92252,96394,97729,100394,104526,108354
"Caerphilly",66578,69725,71431,74202,76124,76846,77861,78696,79038,79367,79416,79907,80726,82283,83955,85216,85928,86931
"Calderdale",72476,74579,76287,79019,80920,81556,82814,83997,84673,85304,85320,85551,86391,87803,88700,89589,90748,91557
"Cambridge",36012,36237,36292,37500,37873,37689,37696,37789,37725,37921,37959,37674,37866,38629,39472,40136,40573,40819
"Camden",52547,52953,51824,50604,50630,50418,49755,49693,49629,49253,49131,48679,48341,48592,48058,47801,46139,42616
"Cannock Chase",40564,42083,42838,43771,44797,44824,45588,46162,45740,46059,46370,47089,48046,49220,49926,50868,51734,52111
"Canterbury",56786,59136,60333,61891,63137,63041,63907,64199,64560,64866,65043,65596,66709,68108,69441,70323,71024,71514
"Cardiff",114313,117845,120259,125606,129654,130732,133293,134695,132889,132940,133075,133787,135415,137366,139091,140904,141388,142452
"Carlisle",54230,55083,55829,56163,59129,61678,48183,48930,49388,49558,49149,48782,49457,50384,50755,52118,52566,53107
"Carmarthenshire",76601,80022,82520,86313,88503,89091,90732,91593,91947,92347,92944,93512,94189,95863,97245,98547,99710,100779
"Castle Point",41316,42196,42838,43522,44377,44229,44799,45024,45179,45242,45564,45948,46488,47452,48064,48724,48850,48953
"Central Bedfordshire",115253,118653,121437,125796,128759,130094,132568,134516,136050,137579,139666,141989,144744,148292,151602,154656,156983,159038
"Ceredigion",30741,32086,33002,34215,34930,34990,35329,35348,35524,35504,35586,35772,35801,36334,36585,36938,36971,37163
"Charnwood",67028,68437,69607,71630,73322,73674,74502,75376,75920,76812,77479,78756,80517,82485,84078,85736,87274,88768
"Chelmsford",76607,77913,79636,82101,83615,84134,85199,86326,87360,87950,88599,89172,90232,91143,92699,93992,94875,95689
"Cheltenham",49706,47899,48679,49763,50823,50826,51195,51954,51824,52312,52470,53173,53672,54617,55464,56390,56915,57205
"Cherwell",69827,75022,76343,76561,79242,78965,80833,83002,79822,84969,85858,88746,90868,95483,98724,103654,103153,105057
"Cheshire East",175140,180619,184418,188825,192340,193215,195683,197171,197369,198410,199263,200160,202536,205856,208563,211114,213269,216089
"Cheshire West and Chester",153897,159579,193487,222927,229940,225938,301568,293482,266444,201176,170689,171968,174146,176933,179270,182027,184584,186907
"Chesterfield",47809,48340,49281,49948,51007,50548,51135,51359,50445,51291,51189,52128,53963,55722,57056,55779,56564,57470
"Chichester",57800,59292,60472,61875,62596,62513,63594,64251,64888,65463,65855,65813,65977,66928,67923,68846,69820,70250
"Chiltern",49685,51017,51850,52851,53163,53264,53953,54482,55002,55294,55714,56284,57021,57444,58186,58401,58466,58645
"Chorley",45541,47508,49019,50485,51915,52002,52479,52879,53095,53582,53838,54494,55363,56607,57441,58384,59470,60338
"Christchurch",23285,23711,24077,24584,24885,24891,25157,25304,25497,25664,26040,26214,26561,27043,27407,27788,27962,28143
"City of Edinburgh",175517,180049,173575,156453,157882,156287,158071,158966,159937,160863,161640,162606,164754,167556,170116,173565,175899,176225
"City of London",5883,4729,4545,4284,3434,3262,3196,3090,2940,2911,2935,2884,2625,2594,2574,2610,2471,2419
"Clackmannanshire",19274,19989,20625,21408,22144,22576,23249,23701,23713,23834,23889,24008,24223,24669,24917,25409,25742,25993
"Colchester",69476,71416,72204,74715,76136,76565,78011,78903,79851,80407,81300,82273,84006,86210,88123,89581,91078,92129
"Conwy",49528,51632,53154,54795,55893,55868,56598,56438,56853,56810,57023,57482,57816,59087,59665,60482,60863,61159
"Copeland",28548,29423,30093,31138,31786,31920,32306,32725,32794,32868,32666,32926,33382,33939,34298,34464,34536,34684
"Corby",20621,21186,21439,22493,25128,26253,26917,28182,28531,26009,26279,27029,28056,29111,30498,31878,32802,33854
"Cornwall",230793,241416,248791,256444,261202,261793,264666,266624,268127,269665,270698,272771,276393,282412,287431,292123,295943,297948
"Cotswold",43184,44073,45009,46402,47347,47716,48263,48424,48749,49072,49728,50197,50776,52028,53749,54215,55236,56405
"County Durham",185432,191787,197034,204052,210278,211450,215052,217703,218947,219582,220434,220738,222954,227053,230301,233944,236738,238988
"Coventry",122645,119377,113731,115443,118973,119342,120798,121657,119603,127824,120966,122007,130162,133639,136404,134261,135995,137471
"Craven",24737,25778,26210,27095,27573,27951,28126,28297,28344,28255,28348,28640,28904,29345,29513,30002,30301,30566
"Crawley",42766,43342,43921,44253,44833,45387,45014,45846,45853,46466,47084,47711,48400,49212,50356,51726,52309,52579
"Croydon",124622,126101,126222,127906,129404,128802,130006,131074,130417,130706,130810,131343,132889,135876,138634,140790,140680,141166
"Dacorum",69257,70146,71054,72931,74493,74439,72111,72974,73414,74252,74986,75961,77197,78712,79878,81038,81692,82233
"Darlington",38412,39736,40850,42177,43395,43743,44011,44493,44792,44639,48986,48707,49741,50661,50827,50775,50884,50712
"Dartford",38309,39606,40549,41028,42942,42941,43970,44985,45498,45758,47594,48522,49832,51317,52024,53257,53935,54687
"Daventry",36622,38140,39003,40211,41231,41484,42088,42597,42991,43510,44129,44349,44861,45997,46857,47922,49121,50265
"Denbighshire",40053,41835,42907,44570,45378,45353,46128,46215,46174,46387,46421,46474,46988,47873,48287,48868,49394,49917
"Derby",95251,98094,100641,101021,108571,109412,110748,111565,113037,110938,109357,109190,111562,109916,112609,116083,118226,119099
"Derbyshire Dales",34435,35458,36212,37085,37889,38001,38540,38839,39128,39469,39809,39715,40042,40557,40980,41484,41755,41939
"Doncaster",110032,113583,115499,119844,124412,124340,126443,128666,128620,128430,129459,129965,133727,137933,140282,143560,145577,148615
"Dover",44435,46101,47491,48563,49439,49660,50373,50478,50750,51012,51199,51599,52346,53339,54501,55482,56428,57112
"Dudley",128844,131590,133172,136688,139983,139857,141118,142436,143241,143766,144074,144916,146965,149900,151267,153696,154645,156252
"Dumfries and Galloway",62174,64263,66198,68464,70567,70691,71641,72168,72501,72304,72440,72562,73137,74224,74559,75366,75683,75812
"Dundee City",45007,46053,46705,48156,49057,48934,49589,50198,50408,50491,50613,51024,51929,52992,53662,54813,55561,55989
"Ealing",102412,104330,105175,107329,109227,109527,112490,112981,112686,112752,112302,111592,112217,114112,116809,117736,117108,116767
"East Ayrshire",43532,45210,46590,48204,49693,50287,51432,52223,52550,52653,52620,52887,53470,54474,54965,55848,56497,57083
"East Cambridgeshire",35970,37367,38191,40056,41097,41789,42704,43524,44049,44583,45274,45996,46704,47557,48375,48845,49132,49668
"East Devon",62866,64710,66495,68292,69364,69703,70633,71173,71590,71868,72318,72751,73725,75330,77180,78893,80642,81733
"East Dorset",48689,50438,51327,52333,53565,53402,53965,54545,54710,55030,55125,55520,55891,56600,57053,57479,57840,58160
"East Dunbartonshire",45705,46625,47142,49040,50112,49504,50399,50348,51314,51210,51195,51364,52538,53466,54698,56438,55043,55375
"East Hampshire",59501,60643,61211,62991,64287,64708,65775,66372,67134,67803,68531,69142,70422,71804,73173,74380,74962,76147
"East Hertfordshire",66877,68361,69375,70559,72016,72066,73151,73850,74397,75334,76022,76466,77253,78816,79966,81148,81931,82399
"East Lindsey",59750,62393,63883,66260,67771,68330,69403,69853,70325,70466,70790,70953,71558,72835,73624,74954,75553,75929
"East Lothian",36336,37654,39034,40216,41441,42295,43609,44472,45014,45559,45876,46352,47074,48065,48940,49928,50654,51469
"East Northamptonshire",37464,39120,40052,41640,43041,43544,44560,45266,45461,45804,46109,46800,47650,48856,50033,51337,52392,53215
"East Renfrewshire",38172,39476,40324,41062,42055,42061,42509,43001,43248,43648,43859,44263,44811,45622,46129,46823,47253,47760
"East Riding of Yorkshire",142120,148200,152280,158194,162948,163348,165701,167269,168136,168662,169455,170478,172051,174418,176077,178527,180558,182330
"East Staffordshire",49714,49776,51152,50744,51839,51980,53001,52955,53103,53186,53421,54011,54870,55953,57699,59055,59790,60799
"Eastbourne",35589,37038,38127,39242,40393,40928,41457,41441,41735,41649,42686,43477,43805,44918,46093,46205,46291,46769
"Eastleigh",59342,60411,61256,63511,64683,65050,65529,65789,66282,66962,67699,68364,69215,70212,70888,71974,72769,73591
"Eden",24971,25750,26512,27264,27800,27750,28012,28315,28486,28455,28507,28610,28756,29310,29545,30051,30255,30324
"Elmbridge",66888,70706,69759,73118,74458,75110,75977,76251,76517,77326,78547,79572,80896,81528,81703,81543,81849,81628
"Enfield",106087,107404,108968,111202,113152,112640,113718,114717,114664,114852,114363,113914,114881,116379,118760,120325,120076,119658
"Epping Forest",60506,61459,62615,63833,65076,65510,66131,66833,66948,67550,68266,68788,69622,70555,71291,71952,71876,72085
"Epsom and Ewell",33533,34099,34601,35275,35898,36318,36654,37114,37216,37562,37904,38198,38751,39318,39592,39948,40158,40415
"Erewash",47054,49063,50114,50771,51500,51474,52326,52889,53266,54254,54478,55008,56128,57570,58069,58699,59486,59486
"Exeter",46700,47037,48021,48983,50596,53570,55148,53355,54394,55860,57258,59424,63317,63016,61693,63317,67021,66858
"Falkirk",57606,59986,61641,63905,66423,67115,68678,69809,70174,70444,71301,71975,73373,74832,75942,77752,79088,79878
"Fareham",54553,56234,56669,57742,58815,59183,60124,60929,61305,61683,61907,62580,63237,64251,64856,65864,66198,66372
"Fenland",39616,41312,42846,44279,45579,46006,46911,47466,47810,48182,48478,48970,49659,50945,52230,53497,54365,54851
"Fife",139707,145164,147904,153168,157411,158411,161238,163481,164249,164452,165249,166478,168462,171544,173173,176101,178648,179862
"Flintshire",70602,72845,74144,75159,76433,76692,77335,77674,78126,78376,78538,79332,80643,81885,82885,84172,85321,85996
"Forest Heath",32143,32725,32660,33861,34270,33134,33910,34158,32983,33729,34602,35071,36224,36599,37386,38190,38810,39059
"Forest of Dean",40178,41486,42006,43295,44240,44269,44926,44919,44983,45218,45673,46274,46797,47920,48688,49730,50406,50973
"Fylde",35455,36495,37211,38279,38990,39175,39694,39946,40358,40421,40514,40650,41229,41588,42001,42603,43298,43887
"Gateshead",61284,63766,65035,67278,69072,69697,71000,71641,71963,71631,71356,71802,72317,73983,74938,76044,76980,77393
"Gedling",47677,48744,49885,51005,51742,51558,52027,52564,52832,52913,53065,53666,54437,55335,55968,56877,57555,58055
"Glasgow City",163532,170923,175731,180118,187275,189384,194295,197388,203564,204417,204105,207671,211891,222028,223223,192786,197251,200057
"Gloucester",47090,48512,49693,51061,52119,52551,53504,54102,54291,59345,71641,75234,77176,77943,79569,65669,87278,91958
"Gosport",30885,32047,32910,33517,34261,34244,35000,35455,35444,35429,35525,35541,36121,36970,37500,38413,38780,38921
"Gravesham",39695,40740,41389,42206,43105,43281,43867,44397,44813,45150,45629,46135,46890,48060,49297,50057,50245,50538
"Great Yarmouth",37006,38408,39209,40591,41485,41468,42184,42380,42681,42665,42527,42872,43298,44226,45014,45892,46445,46755
"Greenwich",64417,66313,68109,70593,72085,71891,72497,73030,72569,72309,72145,71869,72644,74527,76429,77748,78047,78519
"Guildford",66603,67632,68479,68867,70484,71327,72398,72697,73074,73783,74329,75140,75365,76298,76771,77390,77353,77443
"Gwynedd",49076,51076,52525,54171,55242,55321,55685,55910,55762,55589,55471,55633,55785,56734,57407,58022,58287,58689
"Hackney",41777,42056,42197,43241,43812,43269,42862,42554,42160,41492,40105,38974,39118,40121,41328,41876,41703,41535
"Halton",49276,51152,52129,53959,55189,54984,55473,56030,56004,56227,56377,56828,57363,58232,58600,59398,60878,61966
"Hambleton",43501,44669,45510,46849,47573,47570,48268,48677,49205,49188,49563,49584,50031,50725,51331,51887,52242,52632
"Hammersmith and Fulham",39233,39180,39038,41838,42174,41543,39406,40560,42365,42530,42590,41983,41777,41913,42600,42903,43058,42859
"Harborough",39070,40596,41410,42763,43944,44132,44957,45648,46212,46883,47587,48235,48861,50016,50871,51959,52783,53822
"Haringey",59646,60817,61520,62925,63583,62778,63162,63226,62445,61604,60257,58897,58614,59271,61057,62031,61952,61775
"Harlow",32892,33543,33766,34703,35346,35517,35684,35961,36191,36365,36460,36929,37738,39064,40349,41090,41511,42047
"Harrogate",78852,81459,83429,85623,81030,79813,80540,81453,81958,82814,83364,84251,85649,87191,88352,89075,88950,89349
"Harrow",92676,88657,89200,91333,92951,93099,94446,96020,96173,96503,96279,96305,97056,98280,100058,100926,100621,100236
"Hart",66546,67111,66368,67456,77429,85840,84709,85680,81567,85297,57289,56958,56527,57578,58130,58948,59446,60113
"Hartlepool",29296,30459,31596,33014,33943,34187,34663,34931,35066,34827,35105,35496,36029,36797,37428,38127,38636,39268
"Hastings",30574,31924,33163,33971,34542,34539,34826,35031,35312,35401,35458,35601,35977,36809,37747,38686,39137,38936
"Havant",54196,54942,55523,56692,57453,57488,58074,58385,58725,59105,59306,59506,60186,61554,62744,64075,64774,65172
"Havering",95198,97147,98730,100736,102565,103062,104194,105183,105551,105953,106711,107676,108844,111594,113807,115360,115147,115242
"Herefordshire, County of",83694,86724,98113,98527,98619,97627,98877,99511,97618,98036,98453,99404,100007,101667,103588,105217,106068,106663
"Hertsmere",77848,81930,63214,56778,60413,59649,55422,50461,50929,51689,52258,52837,53596,54542,54965,55502,55679,55674
"High Peak",38382,39400,40163,41245,42402,42584,43177,43350,43710,43547,43818,43932,44547,45227,45723,46117,46588,47083
"Highland",85852,89446,93008,96864,100120,101473,103886,105654,106399,106611,106969,107901,109666,111405,112659,114509,115973,116783
"Hillingdon",120686,118283,115309,117749,125927,130678,136972,138349,124928,126297,126486,128122,130119,134713,136300,136785,136785,140568
"Hinckley and Bosworth",47750,49605,50500,52304,53751,53933,54570,55208,55700,56169,56647,57216,58027,59545,60753,61890,62796,63488
"Horsham",70809,71687,72005,73998,75365,75471,76295,75337,75907,76599,77035,77480,78640,80494,82012,83885,85050,86079
"Hounslow",95196,94612,93533,97465,94725,94421,96883,98012,90958,91311,91308,91652,92519,94139,95738,96926,97120,97021
"Huntingdonshire",92053,93331,92500,93010,94243,93579,94138,94427,95484,96436,97714,99564,99790,101678,102535,104704,104642,105769
"Hyndburn",29526,30634,31320,32349,33109,33207,33598,33865,33651,33442,33265,33170,33296,33957,34393,34942,35446,35772
"Inverclyde",27611,28229,28924,29795,30604,30859,31444,31719,31950,32091,31895,31980,32455,33010,33343,33886,34383,34517
"Ipswich",46768,48796,49994,51455,52348,52631,53283,53767,54166,55078,54888,55317,56213,57501,59034,60698,61272,61789
"Isle of Anglesey",31819,33323,34238,35355,36100,36107,36503,36661,36695,36607,36568,36806,36993,37558,37695,38085,38196,38171
"Isle of Wight",58245,59846,60877,62704,63883,63952,64877,64964,65082,65281,65542,65905,66559,67651,68770,69891,71008,71427
"Isles of Scilly",428,431,453,465,481,474,461,478,481,479,489,484,490,506,521,512,531,534
"Islington",39282,39364,39556,39700,39892,39262,38616,38301,37742,37326,36412,35512,35494,35878,36527,36496,35864,36248
"Kensington and Chelsea",44787,46182,46813,47265,47731,48078,47274,46154,45589,45028,44112,43360,42631,42377,42118,41885,41489,41343
"Kettering",39059,40292,41504,42584,48903,49284,50197,50712,50745,50914,51736,52420,52670,54541,55677,57222,58078,58847
"King's Lynn and West Norfolk",66555,68829,70221,72629,74032,74264,75238,75481,75942,76182,76387,77427,78159,79767,80889,82282,83177,83704
"Kingston upon Hull, City of",72146,74929,76343,79674,81585,81310,82236,83295,83388,83343,82296,82474,83524,85857,88418,91022,92787,93863
"Kingston upon Thames",59469,61471,61360,62171,63316,62791,63463,63588,63369,63417,63455,63740,64026,64672,65318,66080,66062,65823
"Kirklees",148242,152481,154783,160536,164355,165296,167772,169767,171260,171790,172627,173674,175823,179823,182596,185085,187661,189924
"Knowsley",44927,46292,47704,50482,51562,51754,52659,53353,53325,52398,51515,51407,51999,53365,54513,55684,56907,57960
"Lambeth",66109,66107,66189,65224,65403,64658,63825,63930,63169,62430,61456,60670,60906,61965,63607,64599,64490,63722
"Lancaster",51868,53583,55162,56767,57980,57797,58795,58870,59063,58955,58645,58661,59276,60082,60726,61650,62276,62944
"Leeds",278234,288209,294485,303680,315528,315907,332892,346296,335969,337243,341272,346230,321109,326170,338909,366400,379326,397261
"Leicester",108751,119139,119412,118714,126609,123024,132614,142559,137193,137089,133924,132199,137914,149385,151915,155092,151745,155305
"Lewes",42997,43970,45029,45734,46397,46468,46900,47196,47441,47811,47898,48301,49269,49998,50704,51207,51504,50376
"Lewisham",70355,71329,72136,73771,74677,74332,74443,74707,74227,73233,72212,71924,72603,73714,75633,77139,77314,76938
"Lichfield",51808,55691,52152,52907,52467,53721,54099,54427,61280,56682,55722,55945,56597,57598,58226,58752,59003,59429
"Lincoln",31211,32089,32682,33566,34548,34499,35161,35610,35543,35615,35645,36194,36626,37141,37500,38123,38707,39018
"Liverpool",120200,123985,127057,131685,134969,135394,135499,137039,137144,135601,133366,132272,133701,136539,139111,142441,145752,149334
"Luton",66046,68333,70199,71642,72974,72756,73471,74733,75226,75271,74811,74925,75862,77978,80922,82744,83065,84137
"Maidstone",68921,71240,73162,74733,76387,76974,78118,79117,80094,80799,81754,82884,84004,85856,87562,89211,90669,91822
"Maldon",31419,32225,32411,33615,34165,34289,34795,35092,35570,35670,36124,36309,36706,37381,38057,38626,39091,39543
"Malvern Hills",38386,39802,40132,41497,42302,42344,42845,43176,43585,43867,44111,44593,45201,45727,46231,47031,47572,48121
"Manchester",127726,127647,123025,126849,129776,130007,130581,133095,132703,131976,130277,129218,131417,135871,141698,146339,149887,154248
"Mansfield",39638,40987,42131,43426,44679,44987,45897,46492,46778,46915,47072,47636,48287,49255,50248,51173,51770,52414
"Medway",104366,107379,109427,111896,113948,114362,115442,116672,117518,118250,119182,120755,122949,125809,128576,130913,132155,132696
"Melton",22959,23776,24283,24888,25334,25438,25675,25819,26049,26163,26623,27005,27385,27917,28278,28677,28917,29214
"Mendip",50770,52237,52866,54847,55928,55976,57082,57477,57805,58369,58871,59722,60464,61622,62625,63832,64656,65432
"Merthyr Tydfil",19870,20529,21133,21987,22578,22894,23383,23636,23829,23948,23994,24137,24512,25047,25546,26132,26415,26789
"Merton",65088,65525,65448,67126,68301,68231,68971,69636,69503,69707,69377,69673,70264,70792,72195,73829,72290,71886
"Mid Devon",34757,36123,36884,38365,39214,39619,40427,41022,41357,41576,41850,41982,42433,43156,43847,44666,45378,45787
"Mid Suffolk",46154,47476,48586,50483,51594,52220,53184,53947,54679,55298,55731,56478,57346,58743,59866,61079,62012,62679
"Mid Sussex",67897,69383,69166,70816,72002,71467,72363,73179,73747,74464,75223,76234,77349,78639,79930,81339,82296,84381
"Middlesbrough",43828,45196,46193,47757,48850,48515,49327,49812,49921,49552,49284,49303,49663,50980,52109,52979,53504,53977
"Midlothian",32334,33088,33748,34434,34617,34769,35331,35744,36025,36299,36705,37313,38121,39304,40471,41753,42940,43623
"Milton Keynes",136093,134265,129421,128338,133747,136700,149534,164422,165929,169177,179659,193008,208376,228638,253385,293164,325475,340128
"Mole Valley",44719,45511,46259,47150,47943,48109,48684,49014,49443,50016,50494,51210,51698,52339,52535,53725,54651,54720
"Monmouthshire",41882,43663,44968,46575,47591,47841,48411,48634,48957,49354,49759,50377,50827,51613,52604,53254,53994,54382
"Moray",36170,37575,38391,39863,41100,41287,42135,42729,43051,42793,42954,43496,44293,45411,45891,46420,46947,47158
"Na h-Eileanan Siar",9870,10327,10681,11325,11678,11872,12037,12144,12267,12360,12448,12552,12692,12822,12830,12941,13058,13042
"Neath Port Talbot",53126,55862,57749,60639,62829,62858,63303,63386,63269,63516,63636,64075,64718,66181,67172,68094,68660,69318
"New Forest",91763,94048,95039,97363,98958,99098,100200,100776,101438,101811,102295,102930,103869,105529,106637,107930,108424,108976
"Newark and Sherwood",47561,49674,51058,52869,54329,54770,55587,56193,56561,57072,57605,58263,59151,60172,61107,62012,63098,63673
"Newcastle-under-Lyme",50473,52243,52884,54689,55509,55635,56029,56435,56574,56634,56771,57859,57921,58964,59628,60386,60808,61124
"Newcastle upon Tyne",74647,76016,77458,80121,82406,82085,82969,83832,85785,85384,84723,84834,85742,87598,89406,91059,92327,93378
"Newham",57055,58545,59249,61245,63019,62814,63083,64230,63404,62918,61156,59866,59779,61761,65360,67805,69983,70095
"Newport",52089,54801,56462,58648,60423,60861,61789,62074,62631,62761,62669,63229,64188,65567,67146,69204,71386,72702
"North Ayrshire",48377,50150,51353,53418,55094,55582,56606,57464,57251,57302,57597,58029,58590,59957,60767,61338,61539,61746
"North Devon",40895,42112,42931,44317,44964,44974,45551,45716,45897,46275,46218,46409,46681,47655,48164,48958,49543,49968
"North Dorset",31580,32993,33466,35196,35967,36476,37300,37806,38056,38364,38709,39268,39814,40419,40930,41687,41986,42365
"North East Derbyshire",44186,45445,46249,47587,48523,48386,49168,49847,50155,50516,50834,51333,51936,52717,53333,53966,54423,54863
"North East Lincolnshire",56792,60998,60445,62026,63394,63275,63931,64614,64642,64221,64104,64532,64977,66177,67310,68821,69924,70514
"North Hertfordshire",56234,58112,59141,61100,62277,62553,63198,64226,64939,65877,66307,67005,67906,68899,69705,70760,71168,71806
"North Kesteven",46860,49156,50531,52350,53910,54601,55783,56654,57415,58103,58666,59412,60535,61908,62904,64364,65310,65970
"North Lanarkshire",109103,113677,116254,120543,124314,125841,128832,130709,131733,131858,132943,134226,136759,139943,142544,145863,148120,149230
"North Lincolnshire",67674,70650,72176,75372,77185,77836,79062,79814,79942,79789,79933,80524,81466,83257,84236,85844,86602,87496
"North Norfolk",48737,50317,51016,52727,53473,53379,54055,54120,54311,54602,54785,55157,55570,56724,57563,58560,58710,58942
"North Somerset",92499,95883,98272,100613,103132,104090,105606,107017,108138,108923,109674,110417,112220,114422,116374,118295,119724,120830
"North Tyneside",65754,68546,70567,74023,76437,77058,78573,79878,80507,80638,80702,81086,82253,83924,85188,87031,88144,89263
"North Warwickshire",29733,30592,31111,32506,34677,37052,37685,38574,36473,34377,34387,34864,35321,35994,36613,37131,37565,37892
"North West Leicestershire",41537,43309,44453,45731,46818,47168,47844,48062,48414,48834,48998,49458,50374,51562,52766,54236,55547,56881
"Northampton",102256,101173,101512,89903,92630,93491,95336,96520,96625,97555,98278,99739,101543,104299,106929,109852,110649,110981
"Northumberland",127656,132246,135991,140280,144275,145116,146777,148042,148047,148245,148523,149148,150137,152934,154614,157135,159142,160645
"Norwich",54998,45654,46372,47577,48460,48013,48568,48758,48908,49004,48900,49350,49523,50630,51416,52070,52257,52236
"Nottingham",78833,80406,80578,81220,82677,82340,83345,83969,83884,83715,83071,83318,85132,87581,89870,92320,93809,95347
"Nuneaton and Bedworth",49925,52979,53431,54301,55954,56077,57097,57721,58068,58513,58834,59793,60695,61648,63043,64440,65265,65875
"Oadby and Wigston",23640,25003,25488,26276,27379,27894,28226,28915,29682,30457,31655,31942,31753,27628,28867,29591,30086,30455
"Oldham",73957,75668,77593,79990,82264,81873,83289,84113,84560,84217,82507,82088,82913,84773,86399,88093,89237,90925
"Orkney Islands",8262,8599,8895,9261,9531,9680,9706,9863,9983,10062,10104,10210,10347,10506,10708,10894,11043,11125
"Oxford",42024,43275,44003,44081,44989,44946,45471,45709,46245,46293,46030,46367,46704,47415,48113,48374,48438,48665
"Pembrokeshire",52297,54392,56229,58603,60067,60425,61487,62220,62146,62289,62414,62513,63097,64208,64777,65415,66201,66891
"Pendle",32382,33291,34421,35505,36427,36309,36748,37091,36934,37042,36757,36537,36898,37422,38223,39126,39619,40387
"Perth and Kinross",59662,61795,63666,65916,67714,68336,69362,70441,70917,71033,71384,71659,72355,73343,74135,75192,76361,76986
"Peterborough",66046,68830,71058,73574,75349,75600,76962,77936,78308,78992,79725,80768,166740,175651,190386,203699,197039,181732
"Plymouth",90995,93842,95263,98281,100189,99972,101336,102065,102308,102627,102492,102717,104343,106259,108272,110513,111871,112808
"Poole",68810,70608,70921,72642,73436,73603,74554,74965,75780,76259,76270,76726,77275,78552,79819,81242,81854,82186
"Portsmouth",67184,81649,84621,84646,85546,86483,89376,90828,90172,88832,90519,94307,95535,98134,99903,101274,102130,103335
"Powys",59571,61999,63967,66472,68248,68644,69696,70393,70596,70630,70993,71535,71966,73106,73818,74577,75038,75506
"Preston",48397,50114,51192,52897,54371,54459,54534,55124,55111,55005,54156,53788,54050,54948,55708,56780,57719,58442
"Purbeck",23133,23568,23796,24351,24639,24543,24919,25137,25298,25382,25468,25440,25699,26049,26411,26885,26996,27068
"Reading",61374,54039,54454,56250,61762,62246,62459,59317,59226,59940,60352,61014,61929,63296,64886,65658,65857,65976
"Redbridge",88962,90336,91428,93713,95944,96039,97179,98784,99298,99895,99421,99410,100631,102514,104253,105612,105368,105097
"Redcar and Cleveland",52460,54347,55877,57618,58817,58826,59480,60041,59885,59831,59824,60182,60938,61883,62287,62893,63487,64294
"Redditch",37753,38844,39255,40786,42380,42303,43539,44016,40954,40908,40956,41105,41758,42700,43281,43857,44162,44471
"Reigate and Banstead",67252,79968,85982,89004,92606,94870,97133,97920,89158,88467,76640,77223,78356,79665,80479,82623,81849,82290
"Renfrewshire",61270,63134,64293,66454,68311,68653,69871,71309,71808,71771,72139,72766,73566,75052,76191,111999,113990,117650
"Rhondda Cynon Taf",85660,89445,91767,96410,99269,100147,101451,101986,101807,101665,101758,102514,104182,106244,107330,109402,110821,112411
"Ribble Valley",27151,28511,29593,30397,30884,30890,31152,31127,31157,31124,31206,31569,31666,32239,32591,33063,33517,34011
"Richmond upon Thames",70657,71422,72514,74007,75650,75404,75429,75808,75890,76464,76560,76531,76905,77073,77231,77496,77611,77180
"Richmondshire",20983,21869,22568,23327,24172,23969,24328,24459,24666,24763,24732,24852,25243,25388,26008,26304,26646,26856
"Rochdale",72450,74726,76290,78712,80298,81947,83382,83218,82780,82946,81476,81205,82036,83149,84777,86879,88387,89744
"Rochford",39191,39982,40841,41816,42240,42480,42963,43343,43535,43831,44084,44339,44957,45821,46548,47189,47536,47892
"Rossendale",27232,28033,28847,29870,30589,30903,31444,32022,32149,32197,32019,32150,32456,33085,33467,33986,34320,34736
"Rother",42275,43708,44721,45680,46548,46501,47312,47584,47842,48113,48493,48565,49338,50282,51078,52106,52760,52994
"Rotherham",95148,99047,100958,104518,107000,106982,108350,109493,110590,110774,111425,112512,114077,116523,118114,120295,121755,123008
"Rugby",41517,44590,46929,48547,49924,50589,51802,52585,49362,50034,50798,51659,52462,53777,55171,56467,57126,58136
"Runnymede",39834,40006,40010,40457,41071,41384,41732,42110,42191,42777,43429,43765,44373,44780,45180,45479,45705,46133
"Rushcliffe",48864,50565,51054,52311,53238,53492,53861,54392,55036,55494,55889,56467,57168,58140,58713,59663,60392,61398
"Rushmoor",39000,39432,39605,40552,41511,42150,43159,43823,82965,88038,83122,90049,97403,100607,103334,108732,109644,116562
"Rutland",16762,17340,17888,18393,19041,19255,19591,19794,19855,19910,19897,20144,20515,20930,21456,21777,21971,22323
"Ryedale",24361,25108,25661,26526,27108,27041,27472,27644,27825,27779,28080,28369,28774,29373,29843,30399,30675,30825
"Salford",74441,74614,75709,76163,78033,78231,79708,81182,81866,81408,80879,80913,82237,84361,86394,88790,90488,92151
"Sandwell",97826,99215,99920,103206,106279,106938,108132,109807,110787,111040,110963,112349,114456,117114,120249,123340,125713,128592
"Scarborough",41427,42919,43691,44997,45889,45752,46110,46336,46197,46048,45934,45973,46388,47211,47911,48742,49422,49665
"Scottish Borders",47509,49132,50668,52559,54031,54339,55646,56081,56289,56547,56637,56902,57314,57993,58545,59341,59691,59920
"Sedgemoor",50738,52517,53793,55415,56672,57221,58207,58926,59182,60139,60652,61608,62658,64384,65713,67005,67859,68446
"Sefton",105343,108118,110624,113460,115590,115056,116207,116613,116763,116464,115752,115464,116334,118002,119252,119984,121458,122052
"Selby",35669,36778,37627,38893,40257,40711,41792,42630,43389,43601,44293,44956,45505,46303,46999,47834,48555,49144
"Sevenoaks",58103,59144,59851,61037,62276,62470,63121,63733,64217,64907,65612,66112,66697,67271,67982,68824,68848,69329
"Sheffield",178229,183628,187899,192066,195930,196090,198132,199847,200959,201239,200938,200711,202267,205780,208881,212254,214206,216720
"Shepway",43175,44847,45888,47167,48077,47790,48373,48691,49025,49434,49611,49979,50574,51803,52994,53836,54614,55060
"Shetland Islands",8827,9179,9422,9640,9980,10054,10178,10428,10676,10902,11042,11165,11333,11528,11666,11735,11629,11542
"Shropshire",137374,141880,144736,149651,152989,154073,156026,157587,159610,160329,161390,162405,164264,167208,168072,170654,172809,174937
"Slough",101477,105391,113015,123530,125177,124753,127508,131890,138133,141967,149867,155992,153705,156983,161484,172736,167762,172657
"Solihull",175134,182015,193403,159303,190637,185700,187438,184426,161305,140816,190177,199489,154350,155306,163230,169408,159080,146909
"South Ayrshire",45265,46968,48048,49583,50981,51109,51693,52139,52292,52370,52164,52530,53005,53733,54090,54976,55555,55776
"South Bucks",35799,36377,36776,37611,38247,38520,40131,40770,41334,40658,41204,41966,42462,42903,43257,43548,43594,43822
"South Cambridgeshire",69663,71685,73779,75707,77614,78231,79414,80557,81397,82520,83636,84399,85422,87198,88502,90015,90685,91346
"South Derbyshire",39873,41702,42911,44802,46079,46347,47054,47729,48215,50197,51422,50160,51205,52430,53415,54478,55773,56858
"South Gloucestershire",120872,124772,136936,133634,134541,133897,134696,136376,140302,143615,139911,141402,143897,146273,148721,151440,239894,244946
"South Hams",42507,43588,44361,45637,46521,46491,46776,47040,47419,47735,47932,48124,48634,49119,49649,50047,50845,51324
"South Holland",38821,40378,42218,43454,44666,44838,45776,46343,46627,47078,47371,47657,48355,49461,50627,51871,52373,53038
"South Kesteven",58809,60233,62160,64082,65929,66395,67599,68364,68493,69170,69713,70806,71981,73550,75242,76843,77890,78432
"South Lakeland",49529,50625,52023,52807,53897,53927,54581,54708,54967,54913,54993,54958,55391,55965,56291,57018,57290,57565
"South Lanarkshire",111570,115169,118495,123615,127838,129353,132238,134856,136069,136355,137330,138482,139882,142878,144678,147278,149485,151478
"South Norfolk",58809,61148,62674,64011,65287,65530,66618,67822,69009,69996,70754,72138,73559,75648,77198,79044,80579,81614
"South Northamptonshire",41651,43562,44633,46500,47898,48042,48835,49330,49946,50428,51364,52276,53499,54725,55998,57227,60387,58518
"South Oxfordshire",67915,69573,70621,71984,73284,73344,74407,74848,75624,76232,77160,78034,78736,80316,81510,83022,83486,84266
"South Ribble",48895,50270,51539,52880,54263,54379,55015,55625,56165,55979,55990,56054,56521,57320,57892,58385,58789,59360
"South Somerset",77388,79687,80828,83403,85373,85995,87408,87957,88082,88517,89425,90235,91308,93362,95072,96711,98051,99060
"South Staffordshire",51782,53396,54131,55643,56948,57056,57583,58163,58762,59246,59240,59663,60446,61030,61620,61974,62251,62645
"South Tyneside",44405,46113,47258,49304,50972,51369,52261,53017,53397,53456,53223,53490,54241,55537,56356,57362,58470,59324
"Southampton",82947,84289,85223,87469,87978,86680,87886,88424,88172,88264,87330,87713,88959,91368,93231,95409,96310,96874
"Southend-on-Sea",66329,68273,69839,71199,72036,71839,72296,72733,72501,72694,72716,73562,74438,76225,77824,79481,80360,80768
"Southwark",59916,60990,60124,61408,61975,61261,60493,60551,59671,58739,57715,57095,56752,57253,57571,57835,57686,57331
"Spelthorne",50389,50280,50075,50705,51707,51716,52319,52573,52238,52651,53319,53836,54731,55455,55878,56183,54719,54925
"St Albans",65279,66683,68703,69240,70685,70932,71791,72268,72946,73398,74110,74377,75409,76382,77472,77810,77963,78181
"St Edmundsbury",48896,50018,50950,53223,54188,54226,54514,54765,55052,55348,55837,56460,56865,58049,59109,60288,60824,61355
"St. Helens",68156,70155,72675,73980,75625,75722,76339,77339,77483,77491,77185,77554,78393,80030,80901,82565,83625,84947
"Stafford",57123,59218,60554,62139,63867,64175,65002,65515,66008,66274,66173,66785,67785,68666,69739,70921,71639,72810
"Staffordshire Moorlands",45879,47328,48260,49612,50584,50719,51285,51568,51616,51897,51987,52519,52763,53475,53870,54272,54668,55063
"Stevenage",34141,34959,35190,36171,36651,35661,36193,36750,36803,37354,37703,38198,38708,39634,40443,41333,41606,41840
"Stirling",51873,41061,42051,43868,46850,47370,49781,51236,48556,48697,49556,50064,51265,52761,54170,55771,57004,58121
"Stockport",125311,128006,129946,133475,224327,220908,139941,142361,146201,150678,137904,138252,139825,142344,143303,143898,144371,145151
"Stockton-on-Tees",70041,73323,75509,78933,81212,82038,84091,85279,85302,85120,84373,84803,85888,87494,88439,89408,90410,91212
"Stoke-on-Trent",86273,89457,92126,95800,98608,98796,100686,101301,101097,100710,100254,100866,102505,104526,106509,108967,109948,110674
"Stratford-on-Avon",63113,64568,65683,67950,70176,70871,72004,72829,73365,73430,74563,75495,76394,77741,79112,80597,82494,83678
"Stroud",55666,57157,58003,59879,60925,61117,61803,62589,63263,63790,64387,65247,66371,67789,68974,69770,70562,71262
"Suffolk Coastal",59428,61575,62542,64521,66172,67015,68391,68861,69054,69357,69992,70558,71277,72727,73952,75482,76370,76877
"Sunderland",96506,97628,102092,105520,104439,103769,104204,105330,103135,102883,102311,102555,103701,105250,106958,109190,110125,111655
"Surrey Heath",46093,46721,47213,48208,49024,49331,50064,50759,51038,51653,52388,52650,52802,53316,53745,54593,54849,55014
"Sutton",77627,77323,77721,79490,80489,80551,81044,81625,81790,81859,82460,83096,83677,85034,86043,87045,87271,87346
"Swale",53755,55748,57337,59058,60387,60858,62078,62900,63805,64356,65090,66282,67217,69300,71116,72814,74025,74605
"Swansea",95703,100498,104690,111059,114612,115748,117764,118196,117169,118153,119678,120910,120202,120819,121736,124468,124710,126880
"Swindon",195141,176627,156258,133728,127667,121868,117791,125684,149043,153564,157706,156837,160919,176963,196524,229398,226763,231557
"Tameside",77077,79219,81282,83742,85949,86133,87454,88565,88939,88891,88327,88666,89687,91530,93343,94991,96170,97473
"Tamworth",31062,32115,40298,43717,44125,44017,48221,47209,45522,40943,43719,40570,36580,37234,37837,38342,38585,38971
"Tandridge",41544,42443,43244,44201,44923,45225,46083,46576,46722,47145,47635,48146,48742,49661,50102,50736,51191,51187
"Taunton Deane",48099,50153,50306,52308,53258,53381,54218,54808,55086,55452,55839,56507,57495,59086,60482,62038,63165,64183
"Teignbridge",58794,60833,62040,63954,65144,65451,66005,66538,66805,67167,67317,67904,69016,70489,71794,72988,73967,74760
"Telford and Wrekin",66843,69460,70831,73025,74827,75083,75611,76052,77198,76417,76582,77595,78644,80688,82415,84025,85584,87605
"Tendring",59761,61746,62856,64556,65055,65223,66276,66779,67284,67545,67795,68451,69154,71098,72511,74129,75355,76155
"Test Valley",56931,58848,59869,61775,63176,63504,64150,64651,65135,66069,66725,67648,69064,70743,72123,74302,75459,76351
"Tewkesbury",39341,40542,41281,42099,42871,43012,43487,43952,44831,45749,46182,46907,47952,49052,50134,51088,52309,53341
"Thanet",49929,51661,53069,54283,55048,55072,55443,55858,56241,56602,56965,57264,58044,59589,61156,62531,63291,63715
"The Vale of Glamorgan",52692,55297,57076,59259,60730,60809,61727,61954,62274,62420,62362,62527,63018,63822,64493,65591,66678,68070
"Three Rivers",42543,41832,42493,43640,44690,45089,45682,46324,46646,47256,47711,48216,48969,49563,50423,50987,51029,51081
"Thurrock",61753,63571,65212,67320,67992,68401,69738,70955,71365,71989,72460,73234,74788,76665,78897,80980,82022,82851
"Tonbridge and Malling",54077,55977,57456,58931,60416,61130,61903,62614,63384,64267,64802,65669,66875,68431,69766,71125,72175,72909
"Torbay",54723,56526,57672,59312,60552,60070,60837,61257,61390,61335,61414,61740,62155,63245,64497,65529,66435,66909
"Torfaen",37081,38930,39895,40829,41565,41804,42260,42637,42556,42528,42650,42875,43331,44173,44643,45382,46153,46993
"Torridge",27908,29182,30161,31341,32164,32410,32918,33246,33473,33712,33798,34269,34603,35251,35991,36827,37214,37473
"Tower Hamlets",36321,36864,37426,38662,39618,39755,40329,40897,41311,40977,40025,39234,39899,40619,42513,43598,44166,44039
"Trafford",208840,207104,205780,216114,139840,140319,152283,147202,139274,132024,127755,127530,129563,130909,131143,110684,111614,112075
"Tunbridge Wells",50788,51214,52127,52827,53844,54086,54759,55322,55902,56549,57106,57374,57804,58607,59346,60286,60613,60879
"Uttlesford",39011,40112,41057,42862,44202,43969,45388,46079,46058,46632,47406,48560,49639,50863,52175,53326,54709,55268
"Vale of White Horse",58146,59397,60048,61490,62682,62801,63531,63799,64449,65308,66049,67014,68026,69207,70769,72339,73524,74469
"Wakefield",120682,125254,128420,133680,137393,136831,138289,139927,140764,141158,141880,142958,144582,148020,150964,154982,158025,161416
"Walsall",95098,97719,98721,101810,104216,104609,105587,106434,106681,107583,107391,108304,109853,112795,115165,118043,119271,121126
"Waltham Forest",67889,68988,70145,71902,73316,73912,74531,75469,75194,74910,73989,73611,73831,75166,77347,78822,78797,78186
"Wandsworth",115400,106864,102052,98374,98970,98005,96899,95920,83767,83284,81678,80145,79851,79679,80159,80317,80137,79343
"Warrington",87754,90171,91795,96396,98745,98270,100270,101736,98727,99430,99986,100653,102122,104237,105341,107249,108115,108920
"Warwick",78572,77909,78789,71114,66865,66628,67647,68173,68822,68975,69217,69657,70207,71192,72398,73359,74144,75506
"Watford",67601,64571,55537,42266,42523,41884,40766,41249,41435,42238,43982,46627,49673,53289,57507,60974,61915,61264
"Waveney",49118,51081,52064,53482,54666,55037,55503,55398,55472,55509,55350,56029,56751,57821,58457,59422,59864,60343
"Waverley",62979,63751,64485,65883,66822,67232,68325,68936,69676,70245,70620,71213,71908,72878,73412,74394,74945,75496
"Wealden",76831,78841,79810,81915,83292,83270,84231,84761,85883,86417,87441,88860,89859,91986,93581,95137,95743,96517
"Wellingborough",35781,37079,38206,39714,35676,35948,36281,36684,36890,37224,37519,37921,38287,39025,39925,41063,41841,42212
"Welwyn Hatfield",45582,46249,46966,48305,49153,49508,50509,50665,51194,51640,51714,52150,52866,54141,55106,56336,56806,57056
"West Berkshire",91570,92703,95852,97795,99720,99732,100754,103193,104090,103970,104361,113000,117427,120318,121751,125925,107471,100043
"West Devon",24694,25681,26232,27034,27520,27989,28586,28993,29305,29725,29992,30206,30597,31054,31423,32087,32235,32339
"West Dorset",47472,48946,49604,51272,52434,52803,53520,53930,54529,54708,55099,55513,56161,57265,58229,59065,59739,60278
"West Dunbartonshire",29471,30501,30814,32072,34208,35328,35818,36383,36301,35159,34431,34636,35083,36186,36669,37554,38188,38560
"West Lancashire",48807,50283,51726,53218,54412,54357,55133,55634,55750,55619,55937,55992,56009,56471,56857,57552,58026,58479
"West Lindsey",38253,40344,41636,43359,44811,45389,46463,47039,47479,47643,47776,48276,48969,50087,50796,51596,51953,52530
"West Lothian",62712,65436,68042,70715,72982,73949,75379,76836,77315,77339,78200,78804,79873,82047,83476,85403,87042,87814
"West Oxfordshire",49136,50234,51657,52923,54361,55046,56159,56813,57453,57949,58720,59688,60329,61161,62042,62926,63363,63800
"West Somerset",16381,17080,17421,17994,18304,18397,18620,18685,18641,18610,18633,18582,18571,19021,19322,19641,19907,19992
"Westminster",59918,59714,59011,58185,58657,58108,57269,56082,54974,54120,53054,52104,51245,50756,50497,50428,51385,49731
"Weymouth and Portland",25896,26598,26853,27807,28249,28100,28407,28594,28690,28573,28531,28770,29231,29937,30570,31298,31700,31936
"Wigan",120953,124664,126461,130690,134019,134338,136346,137882,138409,138509,138049,138769,141514,143802,145364,147398,149097,151143
"Wiltshire",217074,224010,227873,234520,240681,241715,245569,248281,248019,250762,252764,256193,259949,266017,271506,277598,281295,284462
"Winchester",60171,56114,56956,58198,59724,61742,62839,63733,62043,62786,63534,64079,65065,66047,66617,67739,68247,68761
"Windsor and Maidenhead",73431,72715,73940,75093,76769,77214,78115,78837,79475,80487,81472,81918,82334,83609,84303,85152,85200,85603
"Wirral",124197,128547,131078,134694,138094,137837,139005,139774,140111,139960,139496,139778,141268,143876,145022,146842,148043,149408
"Woking",45516,45994,46703,47656,48744,49125,49770,50310,50805,51257,51570,52111,52886,53679,54333,55061,55227,55492
"Wokingham",77224,78889,80306,82522,84332,85630,86714,87593,88448,89090,89650,90563,97880,99271,94084,95141,96235,97726
"Wolverhampton",88172,91093,92295,95831,97970,97030,98495,99275,94652,94627,94649,95132,96353,99012,101456,104546,106703,107860
"Worcester",44239,43818,44586,44897,46190,45773,52600,53315,50810,50593,51396,51430,52713,52181,54013,56640,56917,56723
"Worthing",42991,44264,44983,45925,46572,46763,47291,47457,47660,47936,48153,48477,49081,50130,51181,52293,52795,53303
"Wrexham",53114,55444,56681,58677,60120,60469,61593,62185,62506,62815,63248,63946,64540,65610,66361,67288,67717,68341
"Wychavon",59839,61846,63052,64726,66253,66649,67344,68033,70809,72239,73675,77580,79396,83114,85119,88617,88935,88213
"Wycombe",98100,98450,96398,94594,96394,96018,96608,92830,91920,92671,93168,94100,95656,97913,99244,101662,101210,102056
"Wyre",47174,49071,50262,51909,53041,53031,53602,53884,53980,53997,54037,54311,54700,55317,55915,56652,57293,57833
"Wyre Forest",46308,47851,49051,50123,51252,50882,51490,51628,51764,51705,51713,52019,52461,53474,54209,55645,55520,56393
"York",70003,71440,72298,74882,76646,76853,77504,77935,78578,78770,79172,79782,80857,82052,82921,84279,85225,85308
NA,512550,536483,583979,714470,604842,668018,677003,564112,590135,684136,632733,679720,709205,567344,646374,631012,644170,708177
