"","LSOA11","DomMet_11","DomMet_17","MeanDomElec_11_kWh","MeanDomElec_17_kWh","TotDomElec_11_kWh","TotDomElec_17_kWh","GasMet_11","GasMet_17","MeanDomGas_11_kWh","MeanDomGas_17_kWh","TotDomGas_11_kWh","TotDomGas_17_kWh","cars_total","cars_miles","pu5k","p5_12k","po12k","age_av","miles_av_u3","miles_av_o13","pcars_diesel","pmiles_diesel","vans_total","vans_miles","pmiles_car","pmiles_vans","cars_percap","miles_percap","mean_house_age","pP1900","p1900_18","p1919_29","p1930_39","p1945_54","p1955_64","p1965_72","p1973_82","p1983_92","p1993_99","p2000_09","p2010_15","pUNKNOWN","People_.","Area_Hectares","PopDens","Males.","Females.","Live_HH.","Live_Comm.","Age_Mean","Age_Median","Age0to4.","Age5to7.","Age8to9.","Age10to14.","Age15.","Age16to17.","Age18to19.","Age20to24.","Age25to29.","Age30to44.","Age45to59.","Age60to64.","Age65to74.","Age75to84.","Age85to89.","Age90plus.","Unshared.","Shared2.","Shared3plus.","HHwithRes.","HHnoRes.","Whole_House_Detached.","Whole_House_Semi.","Whole_House_Terraced","Flat_PurposeBuilt.","Flat_Converted.","Flat_Commercial.","Caravan.","Outright.","Mortgage.","Shared.","Social_LA.","Social_Other.","Rented_Landlord.","Rented_Other.","RentFree.","NoCH","Occupancy_Rooms.","Occupancy_Bedrooms.","NoCarsHH","X1CarHH.","X2CarHH.","X3CarHH.","X4plusCarHH.","PartTime.","FullTime.","Self.Emp.","Unemployed.","FTStudent.","Retired.","Student_Inactive.","Carer.","Sick.","Inactive_Other.","Unemp_16to24.","Unemp_50to74.","Unemp_NeverWorked.","Unemp_LongTerm.","All_T2W.","T2W_Home.","T2W_Metro.","T2W_Train.","T2W_Bus.","T2W_Taxi.","T2W_Mbike.","T2W_Car.","T2W_Passenger.","T2W_Cycle.","T2W_Foot.","T2W_Other.","T2W_NoEmp.","All_Grade.","SocGrade_AB.","SocGrade_C1.","SocGrade_C2.","SocGrade_DE.","pHeating_None","pHeating_Gas","pHeating_Electric","pHeating_Other","Dwellings","Crr_EE","Ptn_EE","pop2011","pop2016","area_km","dense_2011","dense_2017","median_household_income","mean_household.size","mean_rooms","mean_bedrooms","RUC11","%All15_PT/walk1,3","area_group","area_supergroup","LSOA_Name"
"1","E01026997",721,963,5763,4685,4155476,4511274,644,933,22298,18437,14359906,17201937,976,7588943,0.331967213114754,0.501024590163934,0.167008196721311,7.98013094556838,9559.20610687023,8175.58810325477,0.309426229508197,0.412496180298099,94,1059075,0.788744902974502,0.110073301132677,1.43108504398827,11127.4824046921,1947.54861111111,18.92,1.35,2.7,6.76,10.81,9.46,13.51,2.7,4.05,18.92,6.76,1.35,4.05,1783,1129.09,1.579147809,46.2703309,53.7296691,95.34492428,4.655075715,45.1301177790241,47,4.65507571508693,3.08468872686483,2.07515423443634,6.50588895120583,0.785193494111049,2.69209197980931,1.73864273696018,4.9915872125631,2.69209197980931,16.8255748738082,22.6584408300617,7.68367919237241,10.4318564217611,8.30061693774537,3.19685922602356,1.68255748738082,99.8609179415855,0.139082058414465,0,94.7222222222222,5.27777777777778,59.1666666666667,25.6944444444444,10.1388888888889,3.75,0.138888888888889,1.11111111111111,0,44.574780058651,40.3225806451613,0.146627565982405,2.93255131964809,2.49266862170088,6.74486803519062,0.586510263929619,2.19941348973607,0.439882697947214,1.46627565982405,0.586510263929619,7.62463343108504,28.5923753665689,42.375366568915,15.2492668621701,6.158357771261,13.7570394207562,37.9726468222043,15.2855993563958,1.76991150442478,3.37892196299276,17.2164119066774,3.94207562349155,3.70072405470636,1.60901045856798,1.36765888978278,0.724054706355591,0.402252614641995,0.482703137570394,0.321802091713596,1243,7.56234915526951,0.160901045856798,1.85036202735318,0.563153660498793,0.080450522928399,0.402252614641995,51.6492357200322,3.53982300884956,0.80450522928399,3.13757039420756,0.321802091713596,29.9275945293644,458,0.395196506550218,0.358078602620087,0.14410480349345,0.102620087336245,0.44,83.87,6.01,3.81,370,65.2378378378378,74.8,1784,1769,11.2909,158.003347828782,169.428477800707,"53504",2.5,7.2,3.5,"Urban city and town",63.8386648122392,"2a Ageing rural neighbourhoods","2 Countryside living","Daventry 005A"
"2","E01016607",564,596,8286,7590,4673036,4523400,514,530,29702,30072,15267023,15938132,900,6459644,0.344444444444444,0.521111111111111,0.134444444444444,7.30736938170203,8032.02547770701,7468.52581032413,0.226666666666667,0.314881129672161,27,243571,0.945742292690576,0.0356606952291699,1.70132325141777,12211.0472589792,1962.14882032668,8.47,1.69,0.17,1.69,10.17,20.34,15.25,13.56,1.69,1.69,8.47,10.17,5.08,1765,151.69,11.63557255,38.92351275,61.07648725,81.47308782,18.52691218,36.5864022662889,38,3.45609065155807,3.34277620396601,2.03966005665722,14.8441926345609,3.62606232294618,9.46175637393768,2.88951841359773,3.56940509915014,2.71954674220963,12.0113314447592,21.5297450424929,7.36543909348442,7.36543909348442,4.64589235127479,0.84985835694051,0.28328611898017,99.8230088495575,0.176991150442478,0,93.4628975265018,6.53710247349823,76.3250883392226,8.30388692579505,5.65371024734982,2.65017667844523,6.00706713780919,1.06007067137809,0,47.069943289225,36.1058601134215,0,0,0.945179584120983,7.18336483931947,0.756143667296786,7.93950850661626,0.756143667296786,1.13421550094518,0.756143667296786,4.72589792060491,24.1965973534972,45.5576559546314,18.9035916824197,6.61625708884688,10.4995766299746,31.5834038950042,12.5317527519052,1.94750211685013,1.69348010160881,15.1566469093988,16.7654530059272,6.85859441151566,0.677392040643522,2.28619813717189,0.677392040643522,0.592718035563082,0.338696020321761,0.592718035563082,1181,8.72142252328535,0.254022015241321,5.6731583403895,0.508044030482642,0.169348010160881,0.0846740050804403,33.0228619813717,1.60880609652837,0.423370025402202,4.23370025402202,1.35478408128704,43.9458086367485,390,0.523076923076923,0.333333333333333,0.0897435897435897,0.0538461538461539,0.76,91.12,1.7,3.02,290,66.6724137931034,77.2,1764,1720,1.5169,1162.89801568989,1133.23224998352,"91555.5",2.7,8.5,4.1,"Urban city and town",100,"8a Affluent communities","8 Suburban living","Windsor and Maidenhead 018E"
"3","E01009671",393,411,8335,6608,3275601,2715803,417,427,29526,28875,12312246,12329450,757,5927305,0.313077939233818,0.527080581241744,0.159841479524439,6.71992636374897,9138.12195121951,8024.43793584379,0.284015852047556,0.371629264902009,79,596755,0.832614005147697,0.083826725744991,1.84634146341463,14456.8414634146,1987.47356051704,0.11,1.06,4.26,4.26,1.06,4.26,3.19,11.7,8.51,17.02,11.7,23.4,10.64,4248,265.91,15.97533,51.10640301,48.89359699,29.94350282,70.05649718,26.3757062146893,20,1.55367231638418,0.706214689265537,0.847457627118644,2.35404896421846,0.376647834274953,1.41242937853107,41.4312617702448,26.271186440678,4.66101694915254,5.97928436911488,7.3210922787194,1.6713747645951,2.96610169491525,1.57721280602637,0.659133709981168,0.211864406779661,100,0,0,96.0187353629977,3.98126463700234,77.5175644028103,8.89929742388759,5.85480093676815,6.79156908665105,0.702576112412178,0.234192037470726,0,43.1707317073171,40.4878048780488,2.19512195121951,0.48780487804878,0.975609756097561,9.51219512195122,2.19512195121951,0.975609756097561,0.24390243902439,1.70731707317073,1.70731707317073,4.8780487804878,22.6829268292683,46.5853658536585,18.0487804878049,7.80487804878049,3.08008213552361,8.70123203285421,4.62012320328542,0.872689938398357,11.4989733059548,3.41375770020534,66.2731006160164,0.898357289527721,0.359342915811088,0.282340862422998,0.205338809034908,0.179671457905544,0.0770020533880904,0.308008213552361,3896,2.23305954825462,0.179671457905544,1.02669404517454,1.10369609856263,0.0513347022587269,0.0256673511293635,12.6540041067762,1.02669404517454,0.385010266940452,5.72381930184805,0.256673511293634,75.3336755646817,307,0.54071661237785,0.283387622149837,0.0944625407166124,0.0814332247557003,0.24,91.71,2.93,1.46,291,72.4226804123711,80.9415807560137,4258,4857,2.6591,1601.29367079087,1756.23331202286,"73692",3.1,8.4,4.1,"Urban city and town",77.2819472616633,"1a Cosmopolitan student neighbourhoods","1 Cosmopolitan student neighbourhoods","Coventry 042C"
"4","E01014181",658,676,4940,4162,3250311,2813716,664,669,19595,18142,13010936,12136837,926,8800653,0.220302375809935,0.516198704103672,0.263498920086393,6.35933848084761,10226.4233128834,9670.55819209039,0.342332613390929,0.437052455084867,45,464707,0.934477395660333,0.0493438597232644,1.38830584707646,13194.3823088456,1998.91791044776,0,0,0,0,0,0,0,0,4.41,55.88,38.24,0,1.47,2003,119.24,16.79805434,50.92361458,49.07638542,100,0,33.1577633549675,36,5.99101347978033,5.3919121318023,3.19520718921618,9.88517224163754,1.59760359460809,3.6445332001997,2.49625561657514,5.3919121318023,4.89266100848727,24.9625561657514,24.0639041437843,4.19370943584623,3.09535696455317,1.04842735896156,0.0998502246630055,0.0499251123315027,100,0,0,98.2326951399116,1.76730486008837,81.4432989690722,4.56553755522828,11.6347569955817,2.06185567010309,0.294550810014728,0,0,22.1889055472264,62.3688155922039,0.149925037481259,0.299850074962519,0.749625187406297,13.4932533733133,0.449775112443778,0.299850074962519,0,0.449775112443778,0.899550224887556,2.24887556221889,27.5862068965517,53.0734632683658,13.0434782608696,4.047976011994,13.2463967055594,52.6424159231297,10.8442004118051,1.78448867536033,4.59849004804393,6.24571036376115,4.32395332875772,4.39258750857927,1.23541523678792,0.686341798215511,0.480439258750858,0.343170899107756,0.137268359643102,0.411805078929307,1457,5.49073438572409,0.137268359643102,1.85312285518188,1.16678105696637,0.274536719286205,0.137268359643102,62.3198352779684,5.14756348661634,0.892244337680165,2.74536719286205,0.0686341798215511,19.7666437886067,621,0.438003220611916,0.351046698872786,0.122383252818035,0.0885668276972625,0,95.5,2.1,0.75,410,65.3756097560976,79.5268292682927,1989,1964,1.1924,1668.06440791681,1595.10231465951,"64130.5",3,7.7,3.9,"Urban city and town",74.9063670411985,"8c Comfortable suburbia","8 Suburban living","Telford and Wrekin 015A"
"5","E01021609",538,538,5276,4938,2838430,2656908,528,528,17921,17626,9462485,9306547,768,6347557,0.25390625,0.565104166666667,0.180989583333333,6.97409023499886,8934.48739495798,8477.19553072626,0.25,0.331528491985184,31,384025,0.918383994349258,0.0555619135724144,1.49126213592233,12325.3533980583,1988.9155597723,0.19,0,0.19,0.19,0.19,0.19,0.19,5.56,68.52,14.81,7.41,0.19,0.19,1424,50.24,28.34394904,49.85955056,50.14044944,100,0,39.1397471910112,42,4.91573033707865,3.72191011235955,2.52808988764045,7.7247191011236,1.26404494382022,3.01966292134831,2.59831460674157,6.32022471910112,4.00280898876404,18.2584269662921,26.685393258427,7.7247191011236,5.61797752808989,4.56460674157303,0.912921348314607,0.140449438202247,100,0,0,99.4208494208494,0.579150579150579,75.6756756756757,9.84555984555985,13.7065637065637,0.772200772200772,0,0,0,38.6407766990291,54.3689320388349,0,0.194174757281553,0.388349514563107,5.04854368932039,0.970873786407767,0.388349514563107,0.58252427184466,0.970873786407767,0.970873786407767,3.88349514563107,33.3980582524272,43.1067961165049,13.5922330097087,6.01941747572816,16.2724692526017,43.8032166508988,12.0151371807001,3.12204351939451,3.3112582781457,11.352885525071,2.74361400189215,5.58183538315989,1.0406811731315,0.75685903500473,0.946073793755913,1.1352885525071,0.378429517502365,1.1352885525071,1057,6.71712393566698,0.473036896877956,12.6773888363292,0.851466414380322,0,0.567644276253548,44.8438978240303,2.83822138126774,0.662251655629139,5.10879848628193,0.473036896877956,24.7871333964049,417,0.345323741007194,0.405275779376499,0.136690647482014,0.112709832134293,0.58,94.76,0.58,1.75,222,64.5135135135135,77.1441441441441,1421,1348,0.5024,2828.42356687898,2609.47452229299,"68942.5",2.8,7.3,3.6,"Urban city and town",78.1021897810219,"8c Comfortable suburbia","8 Suburban living","Chelmsford 020E"
"6","E01017801",608,622,6515,6497,3961219,4041090,570,573,26351,26170,15019812,14995281,877,6541933,0.344355758266819,0.499429874572406,0.156214367160775,7.19888363119558,9149.68794326241,7746.92822384428,0.241733181299886,0.343936876149603,42,449723,0.924704114975455,0.0635684756629435,1.51206896551724,11279.1948275862,1965.67757774141,3.28,0.16,3.28,3.28,9.84,47.54,1.64,3.28,3.28,4.92,13.11,6.56,0.16,1624,316.43,5.132256739,48.15270936,51.84729064,100,0,38.6748768472906,41,7.20443349753695,4.49507389162562,2.89408866995074,8.3128078817734,1.47783251231527,3.26354679802956,1.60098522167488,4.37192118226601,3.32512315270936,18.4729064039409,24.3226600985222,4.67980295566502,8.00492610837438,6.2192118226601,1.10837438423645,0.246305418719212,100,0,0,97.972972972973,2.02702702702703,67.9054054054054,19.2567567567568,5.57432432432432,5.57432432432432,0.337837837837838,1.18243243243243,0.168918918918919,44.1379310344828,41.551724137931,0.172413793103448,0.344827586206897,3.10344827586207,8.96551724137931,0.344827586206897,1.37931034482759,0.689655172413793,1.20689655172414,1.55172413793103,3.96551724137931,28.448275862069,47.5862068965517,13.7931034482759,6.20689655172414,12.7601809954751,38.4615384615385,15.0226244343891,2.53393665158371,2.53393665158371,13.5746606334842,5.61085972850679,7.69230769230769,0.995475113122172,0.81447963800905,0.81447963800905,0.723981900452489,0.452488687782805,0.904977375565611,1105,9.32126696832579,0.81447963800905,8.5972850678733,0.723981900452489,0.271493212669683,0.180995475113122,42.4434389140272,2.35294117647059,0.452488687782806,3.07692307692308,0.361990950226244,31.4027149321267,421,0.570071258907364,0.26603325415677,0.0902612826603325,0.0736342042755344,0.69,89.48,2.41,2.76,337,66.3709198813056,77.8961424332344,1626,1716,3.1643,513.85772524729,550.832727617483,"76764",2.8,7.8,3.9,"Urban city and town",100,"8a Affluent communities","8 Suburban living","South Bucks 001F"
"7","E01030761",593,636,5329,4909,3160189,3122131,568,669,18422,17232,10463837,11528089,860,6228687,0.323255813953488,0.548837209302326,0.127906976744186,8.62308708593986,9508.28735632184,7728.51728723404,0.231395348837209,0.30959847556957,108,1048518,0.780725648822009,0.13142495293977,1.49565217391304,10832.4991304348,1958.70967741935,4.84,3.23,6.45,8.06,1.61,29.03,12.9,19.35,4.84,1.61,3.23,4.84,0.16,2072,263.24,7.871144203,62.83783784,37.16216216,74.56563707,25.43436293,39.7688223938224,40,3.33011583011583,3.42664092664093,2.26833976833977,5.06756756756757,1.11003861003861,1.97876447876448,1.93050193050193,9.07335907335907,7.33590733590734,23.4073359073359,21.3803088803089,5.64671814671815,7.19111969111969,5.01930501930502,1.20656370656371,0.627413127413127,100,0,0,99.1379310344828,0.862068965517241,58.448275862069,33.6206896551724,5,2.24137931034483,0.689655172413793,0,0,42.6086956521739,48.8695652173913,0.347826086956522,0.695652173913043,2.60869565217391,4.17391304347826,0.173913043478261,0.521739130434783,0.869565217391304,2.26086956521739,2.26086956521739,7.47826086956522,32.3478260869565,38.9565217391304,13.5652173913043,7.65217391304348,15.3560371517028,32.3219814241486,11.2074303405573,1.85758513931889,3.09597523219814,9.96904024767802,2.97213622291022,2.6625386996904,2.1671826625387,18.390092879257,0.309597523219814,0.495356037151703,0.309597523219814,1.05263157894737,1615,4.58204334365325,0.0619195046439629,3.96284829721362,0.86687306501548,0.0619195046439629,0.371517027863777,36.9040247678019,2.47678018575851,0.743034055727554,10.7739938080495,0.804953560371517,38.390092879257,395,0.384810126582279,0.321518987341772,0.2,0.0936708860759494,0.87,90.78,1.74,2.78,271,64.9520295202952,79.8708487084871,2072,2120,2.6324,787.114420300866,774.578331560553,"52232",2.7,6.8,3.4,"Urban major conurbation",78.7682333873582,"8a Affluent communities","8 Suburban living","Surrey Heath 006A"
"8","E01028510",693,694,4881,4558,3382538,3163470,649,661,17809,16761,11557859,11079326,865,6825920,0.272832369942197,0.576878612716763,0.15028901734104,7.70261243189992,9056.1796875,8207.36010362694,0.289017341040462,0.368433998640476,120,1464433,0.778106609378381,0.166935006019967,1.36006289308176,10732.5786163522,1962.26725403818,4.35,0.14,1.45,17.39,4.35,18.84,14.49,14.49,5.8,7.25,8.7,1.45,1.45,1599,371.65,4.302435087,50.2188868,49.7811132,97.123202,2.876797999,42.8774233896185,45,4.81550969355847,3.00187617260788,2.00125078173859,7.06691682301438,0.687929956222639,2.68918073796123,2.25140712945591,4.94058786741714,3.75234521575985,17.6360225140713,23.9524702939337,7.5046904315197,9.56848030018762,7.69230769230769,1.87617260787993,0.562851782363977,100,0,0,93.9438700147711,6.05612998522895,55.3914327917282,33.8257016248154,5.61299852289513,1.92023633677991,3.10192023633678,0.147710487444609,0,46.0691823899371,41.5094339622642,0,0,2.0440251572327,7.86163522012579,1.10062893081761,1.41509433962264,0.786163522012579,1.88679245283019,1.10062893081761,4.71698113207547,39.622641509434,39.622641509434,12.5786163522013,3.45911949685535,16.4359861591695,41.1764705882353,12.2837370242215,2.24913494809689,2.42214532871972,14.9653979238754,3.46020761245675,2.59515570934256,1.64359861591695,2.7681660899654,1.03806228373702,0.346020761245675,0.432525951557093,0.346020761245675,1156,4.67128027681661,0.259515570934256,0.69204152249135,7.43944636678201,0,1.21107266435986,49.2214532871972,3.20069204152249,2.3356401384083,2.7681660899654,0.346020761245675,27.8546712802768,432,0.349537037037037,0.310185185185185,0.210648148148148,0.12962962962963,0.79,91.35,2.2,2.36,314,63.9490445859873,79.6146496815287,1604,1593,3.7165,431.588860487017,427.283734696623,"45239",2.4,6.4,3.2,"Urban city and town",78.6858974358974,"8a Affluent communities","8 Suburban living","Cherwell 019B"
"9","E01001422",607,635,9488,8657,5759259,5497486,535,566,34110,33142,18248900,18758207,999,6164488,0.457457457457458,0.454454454454455,0.0880880880880881,7.6139849637454,7663.50588235294,6632.08491620112,0.197197197197197,0.301681664397757,15,111919,0.96564750672289,0.0175317566203258,1.7871198568873,11027.7066189624,1950.625,8.2,8.2,1.64,14.75,8.2,26.23,8.2,3.28,3.28,3.28,11.48,1.64,0.16,1658,146.34,11.32977996,49.93968637,50.06031363,98.97466828,1.025331725,40.7786489746683,44,4.82509047044632,3.07599517490953,2.89505428226779,7.84077201447527,1.4475271411339,3.61881785283474,2.35223160434258,5.91073582629674,3.49819059107358,15.5609167671894,25.3920386007238,6.27261761158022,9.52955367913148,5.60916767189385,1.32689987937274,0.844390832328106,100,0,0,95.8833619210978,4.11663807890223,69.1252144082333,16.295025728988,2.22984562607204,8.57632933104631,3.2590051457976,0.514579759862779,0,49.9105545617174,41.5026833631485,0.178890876565295,0.178890876565295,0.178890876565295,6.44007155635063,0,1.61001788908766,0.536672629695885,2.14669051878354,1.96779964221825,2.68336314847943,24.3291592128801,41.6815742397138,19.1413237924866,12.1645796064401,11.0367892976589,29.6822742474916,21.4882943143813,2.4247491638796,1.92307692307692,12.0401337792642,8.94648829431438,8.4448160535117,0.836120401337793,3.17725752508361,0.585284280936455,0.418060200668896,0.250836120401338,0.752508361204013,1196,7.35785953177258,5.93645484949833,13.2943143812709,1.08695652173913,0.0836120401337793,0.167224080267559,31.6889632107023,1.33779264214047,0.418060200668896,1.42140468227425,0.752508361204014,36.4548494983278,401,0.571072319201995,0.329177057356608,0.0448877805486284,0.0548628428927681,0.54,94.1,1.07,1.07,270,64.5074074074074,76.037037037037,1656,1648,1.4634,1131.61131611316,1136.39469728031,"87557",2.9,8.2,4.2,"Urban city and town",73.3788395904437,"3b Asian traits","3 Ethnically diverse professionals","Enfield 011D"
"10","E01017797",565,562,8192,7545,4628262,4240260,525,511,33123,33671,17389331,17206031,889,6163102,0.383577052868391,0.487064116985377,0.129358830146232,7.30234080082906,8521.37313432836,7305.90886699507,0.244094488188976,0.358678957447078,24,344188,0.942172969882456,0.0526171123174503,1.66791744840525,11563.04315197,1951.29090909091,1.85,16.67,20.37,9.26,5.56,11.11,7.41,3.7,3.7,7.41,9.26,5.56,0.19,1513,91.64,16.51025753,49.90085922,50.09914078,100,0,41.4163912756114,45,6.60938532716457,4.49438202247191,2.3132848645076,7.7990746860542,1.5862524785195,2.57766027759418,1.65234633179114,4.03172504957039,3.23859881031064,15.66424322538,23.7937871777925,6.87376074025116,11.1698612029081,5.55188367481824,1.98281559814937,0.660938532716457,100,0,0,96.9090909090909,3.09090909090909,81.0909090909091,11.8181818181818,1.63636363636364,4.18181818181818,0.363636363636364,0.727272727272727,0.181818181818182,56.4727954971857,34.8968105065666,0.187617260787992,0.187617260787992,1.50093808630394,5.62851782363977,0.187617260787992,0.938086303939963,0.375234521575985,1.87617260787993,0.75046904315197,5.25328330206379,28.1425891181989,44.0900562851782,14.6341463414634,7.87992495309568,12.1647509578544,32.4712643678161,17.2413793103448,1.91570881226054,1.81992337164751,16.3793103448276,6.32183908045977,9.00383141762452,1.0536398467433,1.62835249042146,0.0957854406130268,1.24521072796935,0,0.957854406130268,1044,11.0153256704981,2.01149425287356,13.6015325670498,0.478927203065134,0.28735632183908,0,28.448275862069,2.68199233716475,0.383141762452107,3.44827586206897,0.862068965517241,36.7816091954023,350,0.645714285714286,0.268571428571429,0.0428571428571429,0.0428571428571429,0.38,94.56,0.75,0.94,261,68.2375478927203,76.3256704980843,1511,1572,0.9164,1648.84329986905,1670.66783064164,"85727.5",2.8,8.8,4.3,"Urban city and town",100,"8a Affluent communities","8 Suburban living","South Bucks 001B"
"11","E01027141",520,793,5084,3996,2643705,3168671,543,774,18662,15406,10133355,11924425,819,6234383,0.297924297924298,0.53968253968254,0.162393162393162,7.82464383285739,8862.25862068966,7999.54790823212,0.277167277167277,0.390370306091236,35,436465,0.916995932900731,0.064198274288493,1.51666666666667,11545.1537037037,1988.82561505065,2.82,0,0,0,1.41,9.86,0.14,2.82,21.13,32.39,8.45,18.31,4.23,1456,63.2,23.03797468,48.07692308,51.92307692,100,0,39.75,43,5.08241758241758,3.2967032967033,2.1978021978022,6.73076923076923,1.0989010989011,3.57142857142857,2.67857142857143,6.11263736263736,5.35714285714286,16.8269230769231,27.0604395604396,7.41758241758242,7.55494505494505,3.77747252747253,0.892857142857143,0.343406593406593,99.8188405797101,0.181159420289855,0,97.6491862567812,2.35081374321881,79.5660036166365,9.40325497287523,10.4882459312839,0.361663652802893,0.180831826401447,0,0,34.2592592592593,52.4074074074074,0.185185185185185,1.48148148148148,3.88888888888889,5.55555555555556,0.740740740740741,1.48148148148148,0,2.03703703703704,1.48148148148148,6.2962962962963,32.7777777777778,41.1111111111111,14.0740740740741,5.74074074074074,15.2466367713004,42.5112107623318,11.5695067264574,2.78026905829596,3.85650224215247,13.542600896861,4.66367713004484,3.67713004484305,1.25560538116592,0.896860986547085,0.807174887892377,0.538116591928251,0.0896860986547085,0.896860986547085,1115,5.2914798206278,0.358744394618834,1.0762331838565,1.16591928251121,0.179372197309417,0.358744394618834,55.9641255605381,5.11210762331839,0.62780269058296,2.0627802690583,0.179372197309417,27.6233183856502,433,0.325635103926097,0.376443418013857,0.161662817551963,0.136258660508083,0,90.56,3.89,1.11,459,74.9782135076253,80.7472766884532,1457,1733,0.632,2305.37974683544,2843.35443037975,"51198",2.7,7.3,3.7,"Urban city and town",76.0213143872114,"8c Comfortable suburbia","8 Suburban living","Northampton 016D"
"12","E01030789",615,625,5930,5586,3646699,3491195,587,594,25911,24194,15209806,14371399,983,7490605,0.343845371312309,0.495422177009156,0.160732451678535,7.86245850923607,9054.57142857143,8053.39224629419,0.24618514750763,0.357109472465842,52,596440,0.915428788753332,0.0728910878045281,1.7491103202847,13328.4786476868,1974.51666666667,1.64,1.64,3.28,1.64,0,18.03,16.39,21.31,11.48,3.28,14.75,4.92,1.64,1479,105.55,14.01231644,50.43948614,49.56051386,98.71534821,1.284651792,44.5753887762001,48,4.394861392833,2.77214334009466,1.82555780933063,5.47667342799189,1.55510480054091,2.56930358350237,2.83975659229209,4.05679513184584,4.25963488843813,14.8749154834348,24.0703177822853,9.06017579445571,12.3732251521298,7.03177822853279,1.62271805273834,1.21703853955375,100,0,0,96.0683760683761,3.93162393162393,82.5641025641026,1.88034188034188,0.512820512820513,13.1623931623932,1.70940170940171,0,0.170940170940171,46.085409252669,45.1957295373665,0,0.533807829181495,0.533807829181495,6.76156583629893,0.533807829181495,0.355871886120996,0.533807829181495,2.84697508896797,1.06761565836299,2.84697508896797,23.4875444839858,48.3985765124555,17.6156583629893,7.65124555160142,13.8686131386861,37.8649635036496,14.7810218978102,1.36861313868613,3.1021897810219,18.978102189781,4.56204379562044,3.46715328467153,0.821167883211679,1.18613138686131,0.273722627737226,0.456204379562044,0,0.72992700729927,1096,9.76277372262774,0.0912408759124088,4.28832116788321,0.912408759124087,0,0.0912408759124088,48.9963503649635,1.45985401459854,0.547445255474453,2.64598540145985,0.273722627737226,30.9306569343066,381,0.514435695538058,0.286089238845144,0.133858267716535,0.0656167979002625,0.53,92.88,2.49,0.89,293,66.0955631399317,78.0307167235495,1476,1529,1.0555,1398.38938891521,1454.28706774041,"67794",2.6,8.2,4.1,"Urban city and town",100,"8a Affluent communities","8 Suburban living","Surrey Heath 009A"
"13","E01023460",600,603,5235,4929,3140760,2972055,581,585,19335,19206,11233453,11235758,827,6728268,0.303506650544135,0.525997581620314,0.17049576783555,7.6595530549631,9384.08064516129,8473.25164690382,0.279322853688029,0.374716048766191,134,2050371,0.753603696184809,0.229653034651733,1.50912408759124,12277.8613138686,1963.60465116279,4.92,1.64,1.64,1.64,19.67,31.15,4.92,0.16,4.92,14.75,13.11,0.16,1.64,1519,173.87,8.736412262,50.4279131,49.5720869,100,0,37.4832126398947,40,5.26662277814352,4.67412771560237,3.2916392363397,10.1382488479263,1.31665569453588,3.15997366688611,2.43581303489138,4.01579986833443,2.1724818959842,24.0947992100066,21.0006583278473,4.93745885450955,7.89993416721527,4.27913100724161,1.1191573403555,0.197498354180382,100,0,0,98.2078853046595,1.7921146953405,26.5232974910394,59.6774193548387,10.3942652329749,2.5089605734767,0.716845878136201,0,0.17921146953405,38.6861313868613,53.4671532846715,0,0,0.364963503649635,5.83941605839416,0.912408759124087,0.72992700729927,1.82481751824817,0.547445255474453,1.09489051094891,5.83941605839416,36.4963503649635,42.3357664233577,11.8613138686131,3.46715328467153,13.6921624173749,42.2096317280453,14.7308781869688,2.64400377714825,2.92728989612842,11.1425873465534,4.81586402266289,6.32672332389046,0.755429650613787,0.755429650613787,0.188857412653447,0.0944287063267233,0,0.755429650613787,1059,5.94900849858357,0.56657223796034,9.25401322001889,1.13314447592068,0.188857412653447,0.28328611898017,46.9310670443815,3.58829084041549,0.755429650613787,4.15486307837583,0.28328611898017,26.9121813031162,414,0.403381642512077,0.345410628019324,0.144927536231884,0.106280193236715,1.82,90.69,3.28,1.28,247,64.3198380566802,77.1983805668016,1526,1368,1.7387,877.667222637603,797.147293955254,"57592.5",2.8,6.8,3.5,"Urban city and town",100,"8c Comfortable suburbia","8 Suburban living","East Hertfordshire 008E"
"14","E01016186",757,1029,6440,5027,4874880,5172975,602,857,21036,17206,12663939,14745648,1086,8485785,0.292817679558011,0.544198895027624,0.162983425414365,8.53077498068252,8969.5905511811,8448.84033613445,0.267955801104972,0.357852573450777,180,1685704,0.781487270763835,0.155242705097487,1.48563611491108,11608.4610123119,1938.85228848821,23.38,3.9,3.9,3.9,6.49,16.88,7.79,2.6,5.19,2.6,16.88,0.13,5.19,1825,1552.88,1.175235691,50.19178082,49.80821918,100,0,40.9128767123288,43,6.19178082191781,4.76712328767123,1.97260273972603,5.36986301369863,1.20547945205479,2.79452054794521,1.97260273972603,3.94520547945205,3.78082191780822,20.4931506849315,25.1506849315069,5.97260273972603,8.54794520547945,5.91780821917808,1.36986301369863,0.547945205479452,100,0,0,95.9317585301837,4.06824146981627,50,33.8582677165354,8.53018372703412,2.88713910761155,1.96850393700787,0.5249343832021,2.23097112860892,33.2421340629275,38.4404924760602,1.64158686730506,3.69357045143639,7.66073871409029,10.2599179206566,1.77838577291382,3.28317373461012,1.09439124487004,3.14637482900137,1.64158686730506,5.60875512995896,32.1477428180575,38.5772913816689,15.3214774281806,8.34473324213406,11.3122171945701,42.7601809954751,16.9683257918552,2.11161387631976,2.8657616892911,11.7647058823529,3.61990950226244,5.05279034690799,1.50829562594268,2.03619909502262,0.754147812971342,0.377073906485671,0.150829562594268,0.52790346907994,1326,9.95475113122172,0.603318250377074,4.07239819004525,0.52790346907994,0.226244343891403,0.301659125188537,49.5475113122172,2.33785822021116,0.829562594268477,4.29864253393665,0.829562594268477,26.4705882352941,532,0.409774436090226,0.338345864661654,0.163533834586466,0.0883458646616541,1.09,81.4,3.56,8.21,386,64.4844559585492,77.2927461139896,1829,1836,15.5288,117.781155015198,126.023903971975,"60272",2.5,6.8,3.3,"Urban city and town",55.2112676056338,"2b Prospering countryside life","2 Countryside living","Bracknell Forest 002C"
"15","E01010251",527,558,4899,4267,2581726,2380724,524,553,19926,18299,10441113,10119249,777,5907541,0.288288288288288,0.571428571428571,0.14028314028314,6.96280909833271,8498.49606299213,7894.37396121884,0.288288288288288,0.370460061132034,54,581913,0.89132113470315,0.0877981812497812,1.50290135396518,11426.5783365571,1976.09341637011,0.18,5.36,1.79,12.5,0.18,5.36,1.79,1.79,53.57,8.93,1.79,7.14,0.18,1412,115.09,12.26865931,50.35410765,49.64589235,100,0,40.1898016997167,44,4.32011331444759,3.328611898017,2.62039660056657,7.71954674220963,0.991501416430595,3.11614730878187,2.12464589235127,4.53257790368272,3.54107648725212,19.4759206798867,28.257790368272,8.07365439093484,7.29461756373938,4.10764872521247,0.424929178470255,0.0708215297450425,100,0,0,98.8527724665392,1.1472275334608,78.585086042065,16.8260038240918,3.05927342256214,1.33843212237094,0.191204588910134,0,0,40.0386847195358,53.7717601547389,0,0.386847195357834,0.580270793036751,4.25531914893617,0.580270793036751,0.386847195357834,0.773694390715667,0.967117988394584,0.773694390715667,4.642166344294,27.6595744680851,47.1953578336557,15.0870406189555,5.41586073500967,15.9406858202039,42.7247451343837,11.6774791473587,2.78035217794254,2.96570898980538,13.6237256719184,4.35588507877665,3.42910101946247,2.0389249304912,0.46339202965709,0.648748841519926,1.29749768303985,0.370713623725672,1.0194624652456,1079,4.17052826691381,0.092678405931418,0.741427247451344,3.89249304911956,0.092678405931418,0.278035217794254,56.3484708063021,4.44856348470806,0.46339202965709,1.85356811862836,0.092678405931418,27.5254865616311,415,0.31566265060241,0.368674698795181,0.190361445783133,0.125301204819277,0.77,94.2,1.16,0.77,251,64.7649402390438,79.9561752988048,1413,1514,1.1509,1227.73481623078,1314.62333825702,"51174",2.7,7.3,3.6,"Urban major conurbation",100,"8c Comfortable suburbia","8 Suburban living","Walsall 007A"
"16","E01023840",637,662,6150,5912,3917425,3913481,471,594,24262,22861,11427387,13579461,825,5916904,0.375757575757576,0.495757575757576,0.128484848484848,7.16283492004231,9420.47222222222,7489.21941489362,0.213333333333333,0.34659781534397,26,255998,0.932814068394968,0.0403586970282051,1.47321428571429,10565.9,1972.98412698413,1.54,3.08,1.54,3.08,4.62,23.08,7.69,15.38,10.77,7.69,12.31,6.15,3.08,1671,104.7,15.95988539,49.55116697,50.44883303,84.73967684,15.26032316,44.2758827049671,43,4.42848593656493,3.23159784560144,1.67564332734889,4.9670855774985,0.957510472770796,1.79533213644524,1.13704368641532,4.36864153201676,5.86475164572113,23.5188509874327,19.2100538599641,6.52304009575105,8.73728306403351,8.07899461400359,2.81268701376421,2.69299820466786,100,0,0,90.1771336553945,9.82286634460548,53.7842190016103,10.6280193236715,1.93236714975845,33.0112721417069,0.644122383252818,0,0,41.4285714285714,22.5,0.178571428571429,0,1.42857142857143,15.5357142857143,17.3214285714286,1.60714285714286,0.714285714285714,1.42857142857143,0.892857142857143,4.28571428571429,38.5714285714286,39.6428571428571,12.1428571428571,5.35714285714286,9.41968040370059,45.6686291000841,16.7367535744323,1.34566862910008,1.51387720773759,9.67199327165686,3.78469301934399,7.06476030277544,2.27081581160639,2.52312867956266,0.504625735912532,0.168208578637511,0.336417157275021,0.588730025231287,1189,8.07401177460051,12.363330529857,1.93439865433137,0.504625735912532,0.0841042893187553,0.168208578637511,27.7544154751892,2.01850294365013,0.336417157275021,19.0916736753574,0.672834314550042,26.9974768713204,408,0.598039215686275,0.316176470588235,0.0441176470588235,0.0416666666666667,0.71,80.54,3.75,10.89,335,68.1432835820896,77.9820895522388,1938,2196,1.047,1851.00286532951,2019.10219675263,"73147",2.5,6.8,3.4,"Urban major conurbation",77.7142857142857,"3c Highly qualified professionals","3 Ethnically diverse professionals","Three Rivers 011B"
"17","E01030822",693,813,6745,6155,4674109,5003759,532,659,25833,22847,13743227,15056329,1102,7873258,0.362976406533575,0.496370235934664,0.14065335753176,8.07383501591904,8550.375,7558.25823045268,0.274047186932849,0.369287530016164,110,1055331,0.833966458339005,0.11178481086805,1.62536873156342,11612.4749262537,1930.33783783784,28,8,2.67,12,2.67,13.33,9.33,4,2.67,1.33,5.33,9.33,2.67,1836,1917.75,0.95737192,49.72766885,50.27233115,95.47930283,4.520697168,44.7418300653595,48,4.73856209150327,3.26797385620915,2.06971677559913,6.91721132897603,1.52505446623094,2.01525054466231,1.79738562091503,3.37690631808279,2.72331154684096,15.4139433551198,26.5795206971678,8.33333333333333,10.9477124183007,6.8082788671024,1.90631808278867,1.57952069716776,100,0,0,95.2247191011236,4.7752808988764,66.7134831460674,21.0674157303371,6.46067415730337,1.12359550561798,3.23033707865169,0.421348314606742,0.98314606741573,44.2477876106195,41.4454277286136,0.147492625368732,1.32743362831858,0,8.55457227138643,2.65486725663717,1.62241887905605,1.32743362831858,2.3598820058997,1.91740412979351,4.42477876106195,26.5486725663717,45.7227138643068,14.306784660767,8.99705014749263,14.7666411629686,37.2609028309105,17.5210405508799,1.45371078806427,1.68324407039021,16.4498852333588,3.44299923488906,5.27926549349656,0.765110941086458,1.37719969395562,0.306044376434583,0.612088752869166,0.0765110941086457,0.612088752869166,1307,7.88064269319051,0.53557765876052,10.4055087987758,0.153022188217292,0.153022188217292,0.688599846977812,44.3764345830145,1.91277735271614,0.0765110941086457,4.13159908186687,0.688599846977812,28.9977046671767,487,0.480492813141684,0.320328542094456,0.137577002053388,0.0616016427104723,1.33,74.34,3.39,14.31,411,65.1557177615572,77.7907542579075,1841,2000,19.1775,95.997914222396,104.914613479338,"70390",2.6,7.2,3.5,"Urban city and town",63.558106169297,"2a Ageing rural neighbourhoods","2 Countryside living","Tandridge 010B"
"18","E01030925",566,609,5248,4658,2970227,2836493,555,608,20379,19765,11310172,12016893,858,6288074,0.36013986013986,0.487179487179487,0.152680652680653,7.84772380254927,9001.06201550388,7688.97922077922,0.278554778554779,0.372829104746541,41,344231,0.921671048510137,0.0504554728045015,1.50262697022767,11012.3887915937,1959.33303085299,1.75,7.02,5.26,21.05,1.75,10.53,15.79,1.75,19.3,1.75,10.53,0.18,0.18,1614,89.5,18.03351955,46.22057001,53.77942999,96.22057001,3.779429988,40.5086741016109,43.5,7.18711276332094,4.64684014869888,2.97397769516729,7.0631970260223,1.17719950433705,2.47831474597274,1.98265179677819,2.29244114002478,2.91201982651797,19.5786864931846,23.543990086741,8.48822800495663,8.30235439900867,5.20446096654275,1.48698884758364,0.681536555142503,100,0,0,99.304347826087,0.695652173913043,69.0434782608696,25.2173913043478,2.95652173913043,2.26086956521739,0.521739130434783,0,0,44.6584938704028,46.2346760070053,1.75131348511384,1.57618213660245,1.57618213660245,3.50262697022767,0.525394045534151,0.175131348511384,0.525394045534151,2.1015761821366,0.875656742556918,5.77933450087566,34.1506129597198,42.907180385289,13.1348511383538,4.02802101576182,17.8984861976848,42.2083704363313,11.8432769367765,1.95903829029386,2.493321460374,12.7337488869101,3.65093499554764,4.71950133570792,0.6233303650935,1.8699910952805,0.267141585040071,0.979519145146928,0,1.15761353517364,1123,7.92520035618878,0.445235975066785,13.1789848619768,0.445235975066785,0.0890471950133571,0.178094390026714,42.653606411398,2.493321460374,1.15761353517364,4.986642920748,0.445235975066785,26.0017809439003,438,0.600456621004566,0.276255707762557,0.0753424657534247,0.0479452054794521,0.53,91.94,1.23,2.28,256,65.89453125,79.86328125,1621,1661,0.895,1811.17318435754,1870.39106145251,"76323.5",2.7,7.1,3.6,"Urban city and town",74.4402985074627,"8a Affluent communities","8 Suburban living","Waverley 010E"
"19","E01002461",544,545,6819,6016,3709340,3278725,516,524,25103,24840,12953269,13015912,776,5567113,0.362113402061856,0.505154639175258,0.132731958762887,7.42721056753953,8318.44827586207,7526.23646723647,0.20360824742268,0.28673066273309,78,984777,0.821621807498818,0.14533821367076,1.50387596899225,10788.9786821705,1965.35390199637,0.19,0,1.85,12.96,14.81,25.93,11.11,14.81,5.56,7.41,3.7,3.7,0,1435,252.5,5.683168317,47.59581882,52.40418118,100,0,41.819512195122,44,4.39024390243902,2.29965156794425,1.60278745644599,6.13240418118467,1.53310104529617,3.41463414634146,2.36933797909408,8.57142857142857,4.80836236933798,15.4703832752613,24.5993031358885,6.55052264808362,9.12891986062718,7.17770034843206,1.39372822299652,0.557491289198606,100,0,0,96.4485981308411,3.55140186915888,80.1869158878505,7.47663551401869,5.23364485981308,7.10280373831776,0,0,0,46.3178294573643,40.5038759689922,0.387596899224806,3.10077519379845,1.35658914728682,7.94573643410853,0.193798449612403,0.193798449612403,0.581395348837209,2.32558139534884,2.51937984496124,8.52713178294574,28.1007751937984,40.8914728682171,15.8914728682171,6.58914728682171,12.7441860465116,33.6744186046512,15.8139534883721,2.41860465116279,5.48837209302326,12.9302325581395,7.72093023255814,5.76744186046512,1.58139534883721,1.86046511627907,0.651162790697674,0.651162790697674,0.0930232558139535,1.2093023255814,1075,5.3953488372093,8.46511627906977,2.51162790697674,3.44186046511628,0.0930232558139535,0.465116279069768,41.1162790697674,2.41860465116279,0.27906976744186,2.51162790697674,0.27906976744186,33.0232558139535,355,0.394366197183099,0.352112676056338,0.140845070422535,0.112676056338028,0.58,92.44,2.33,1.36,241,63.9875518672199,78.6390041493776,1434,1485,2.525,567.920792079208,581.386138613861,"69705",2.8,7.3,3.6,"Urban major conurbation",100,"3b Asian traits","3 Ethnically diverse professionals","Hillingdon 013A"
"20","E01017821",616,623,8376,7791,5159688,4853838,541,543,32058,31204,17343557,16943832,947,6763364,0.378035902851109,0.479408658922915,0.142555438225977,7.4551994952178,8490.89473684211,7615.86255924171,0.262935586061246,0.375954332784691,46,472653,0.922824731408736,0.0644909660007259,1.68805704099822,12055.9073083779,1969.16666666667,3.12,1.56,3.12,17.19,4.69,10.94,6.25,9.38,10.94,4.69,18.75,7.81,1.56,1598,411.85,3.880053418,48.43554443,51.56445557,96.49561952,3.504380476,40.9649561952441,43,5.31914893617021,4.25531914893617,2.19023779724656,6.75844806007509,1.18898623279099,3.44180225281602,2.12765957446809,3.87984981226533,5.38172715894869,17.2715894868586,24.4055068836045,6.5081351689612,9.69962453066333,5.44430538172716,1.50187734668335,0.625782227784731,100,0,0,90.0481540930979,9.95184590690209,67.2552166934189,4.97592295345104,7.38362760834671,17.0144462279294,0.642054574638844,0.160513643659711,2.56821829855538,45.8110516934046,35.650623885918,1.42602495543672,0,1.24777183600713,11.2299465240642,1.06951871657754,3.5650623885918,0.35650623885918,2.49554367201426,1.7825311942959,5.52584670231729,26.5597147950089,37.4331550802139,21.3903743315508,9.09090909090909,9.03614457831325,33.0464716006885,17.9001721170396,1.72117039586919,1.72117039586919,14.2857142857143,6.7986230636833,8.86402753872633,0.688468158347676,5.93803786574871,0.774526678141136,0.430292598967298,0.172117039586919,0.688468158347676,1162,9.38037865748709,1.46299483648881,8.69191049913941,0.344234079173838,0,0,34.2512908777969,2.06540447504303,0.344234079173838,3.44234079173838,1.46299483648881,38.5542168674699,388,0.569587628865979,0.288659793814433,0.077319587628866,0.0644329896907216,0.36,91.98,1.6,1.96,362,69.232044198895,77.2127071823204,1595,1692,4.1185,387.276921209178,405.973048439966,"75110",2.7,8.4,4.1,"Urban city and town",100,"3b Asian traits","3 Ethnically diverse professionals","South Bucks 002D"
"21","E01017607",506,508,5549,4753,2807823,2414567,495,500,21830,21234,10805686,10617057,774,5862236,0.339793281653747,0.501291989664083,0.158914728682171,7.23705578459411,9287.5390625,7897.57836338419,0.288113695090439,0.392417159595758,32,313116,0.932778822731583,0.0498219406141995,1.52662721893491,11562.5956607495,1967.19266917293,3.85,0.19,1.92,3.85,3.85,5.77,44.23,21.15,5.77,5.77,5.77,0.19,0.19,1409,143.18,9.840759883,49.32576295,50.67423705,92.76082328,7.239176721,47.0794889992903,50,5.18097941802697,3.33569907735983,1.98722498225692,3.47764371894961,1.06458481192335,2.27111426543648,2.20014194464159,3.5486160397445,2.48403122782115,16.3946061036196,21.3626685592619,10.0780695528744,13.4137686302342,8.30376153300213,2.48403122782115,2.41305890702626,100,0,0,98.2558139534884,1.74418604651163,72.8682170542636,13.3720930232558,11.046511627907,1.55038759689922,0.387596899224806,0.775193798449612,0,50.4930966469428,41.8145956607495,0,1.18343195266272,0.394477317554241,4.53648915187377,0.394477317554241,1.18343195266272,0,1.9723865877712,2.16962524654832,3.94477317554241,31.9526627218935,44.9704142011834,14.9901380670611,4.14201183431953,12.2650840751731,36.5974282888229,12.2650840751731,2.37388724035608,2.47279920870425,22.650840751731,3.75865479723047,3.9564787339268,1.9782393669634,1.68150346191889,0.791295746785361,0.791295746785361,0.19782393669634,1.18694362017804,1011,7.71513353115727,0.395647873392681,6.92383778437191,0.692383778437191,0,0,39.4658753709199,2.9673590504451,0.791295746785361,4.05539070227498,0.19782393669634,36.7952522255193,345,0.510144927536232,0.281159420289855,0.144927536231884,0.063768115942029,0,95.27,0.99,0.79,194,63.8350515463918,77.7164948453608,1399,1394,1.4318,977.091772593938,951.94859617265,"64604",2.6,7.6,3.7,"Urban city and town",75.5681818181818,"8a Affluent communities","8 Suburban living","Central Bedfordshire 020E"
"22","E01017606",668,717,5014,4490,3349431,3219619,652,709,18365,16777,11973871,11895082,947,6809226,0.366420274551214,0.491024287222809,0.142555438225977,8.04440406572287,8971.93277310924,7584.48463356974,0.242872228088701,0.344545914616434,68,731432,0.878339277954003,0.0943492630076388,1.47049689440994,10573.3322981366,1965.11772853186,4.17,0.14,1.39,2.78,2.78,26.39,33.33,18.06,1.39,0.14,1.39,8.33,0.14,1514,155.59,9.730702487,49.00924703,50.99075297,100,0,47.8104359313078,51.5,3.30250990752972,2.64200792602378,1.38705416116248,4.7556142668428,1.32100396301189,2.31175693527081,2.04755614266843,4.42536327608983,3.96301188903567,11.9550858652576,25.1651254953765,10.7001321003963,13.1439894319683,10.2377807133421,1.71730515191546,0.924702774108322,99.8559077809798,0.144092219020173,0,92.6618705035971,7.33812949640288,56.4028776978417,23.4532374100719,19.568345323741,0.287769784172662,0,0.287769784172662,0,54.6583850931677,40.0621118012422,0,1.08695652173913,0.15527950310559,3.26086956521739,0.31055900621118,0.46583850931677,1.24223602484472,1.5527950310559,1.08695652173913,9.3167701863354,35.5590062111801,38.5093167701863,10.4037267080745,6.2111801242236,14.336917562724,40.2329749103943,11.4695340501792,1.97132616487455,3.04659498207885,20.6093189964158,2.5089605734767,3.76344086021505,1.34408602150538,0.716845878136201,0.268817204301075,0.896057347670251,0.0896057347670251,0.448028673835125,1116,6.00358422939068,0.17921146953405,5.01792114695341,0.985663082437276,0.17921146953405,0.0896057347670251,47.8494623655914,3.9426523297491,1.0752688172043,3.31541218637993,0.0896057347670251,31.2724014336918,396,0.378787878787879,0.361111111111111,0.169191919191919,0.0909090909090909,1.24,94.1,1.71,1.09,313,66.038338658147,77.9776357827476,1510,1618,1.5559,970.499389420914,1052.76688733209,"41291",2.4,6.8,3.4,"Urban city and town",61.1491108071135,"8b Ageing suburbanites","8 Suburban living","Central Bedfordshire 020D"
"23","E01017819",587,609,7844,7177,4604449,4370978,541,556,33548,31509,18149225,17519009,927,6625540,0.352750809061489,0.525350593311758,0.121898597626753,7.39020354458643,8505.04347826087,7518.44640753828,0.256742179072276,0.354394509730528,22,168484,0.96375401998132,0.0245077582057512,1.67934782608696,12002.7898550725,1961.49166666667,1.67,13.33,6.67,8.33,3.33,15,11.67,10,5,6.67,13.33,5,0.17,1594,262.45,6.073537817,50.69008783,49.30991217,99.49811794,0.501882058,40.6493099121706,44,5.5207026348808,5.01882057716437,3.01129234629862,8.97114178168131,1.69385194479297,3.13676286072773,1.75658720200753,3.32496863237139,3.38770388958595,14.9937264742785,24.4667503136763,6.96361355081556,9.78670012547051,5.58343789209536,1.75658720200753,0.627352572145546,100,0,0,94.0374787052811,5.96252129471891,82.282793867121,2.89608177172061,0.681431005110733,12.9471890971039,0.851788756388416,0.170357751277683,0.170357751277683,48.3695652173913,38.4057971014493,0,0.543478260869565,0.181159420289855,10.1449275362319,0.72463768115942,1.6304347826087,0,2.35507246376812,0.72463768115942,2.35507246376812,26.4492753623188,46.5579710144928,16.1231884057971,8.51449275362319,11.3783533765032,32.9324699352451,19.1489361702128,1.48011100832562,2.12765957446809,13.691026827012,7.03052728954672,8.7881591119334,1.38760407030527,2.03515263644773,0.277520814061055,0.555041628122109,0.185013876040703,0.370027752081406,1081,11.5633672525439,1.66512488436633,11.3783533765032,0.555041628122109,0.0925069380203515,0.462534690101758,33.3024976873266,1.57261794634598,0.462534690101758,3.2377428307123,0.925069380203515,34.7826086956522,387,0.700258397932817,0.20671834625323,0.0542635658914729,0.0387596899224806,0,90.58,3.62,1.09,315,67.6666666666667,77.9936507936508,1594,1632,2.6245,607.3537816727,626.786054486569,"109417.5",2.9,9.1,4.4,"Urban city and town",100,"8a Affluent communities","8 Suburban living","South Bucks 002B"
"24","E01022873",815,1120,5170,4268,4213449,4780519,715,881,24584,21282,17577904,18749353,1109,8134161,0.354373309287647,0.502254283137962,0.143372407574391,7.8447744760219,8777.29585798817,7877.77777777778,0.255184851217313,0.359574515429434,36,303357,0.939784288305417,0.0350485000662596,1.73824451410658,12749.4686520376,1980.61855670103,2.06,1.03,5.15,3.09,1.03,5.15,18.56,21.65,4.12,1.03,2.06,35.05,1.03,1786,190.23,9.38863481,46.30459127,53.69540873,93.61702128,6.382978723,46.0397536394177,48.5,3.69540873460246,3.07950727883539,1.73572228443449,6.88689809630459,1.3437849944009,2.40761478163494,2.01567749160134,4.75923852183651,3.35946248600224,13.6618141097424,23.8521836506159,7.55879059350504,13.2698768197088,6.83090705487122,2.63157894736842,2.91153415453527,100,0,0,95.7957957957958,4.2042042042042,79.8798798798799,6.00600600600601,4.5045045045045,8.85885885885886,0.45045045045045,0.15015015015015,0.15015015015015,47.3354231974922,39.1849529780564,1.25391849529781,0.783699059561128,7.83699059561129,2.97805642633229,0.470219435736677,0.156739811912226,0.470219435736677,3.13479623824451,1.72413793103448,5.79937304075235,24.9216300940439,44.3573667711599,16.3009404388715,8.62068965517241,15.2448657187994,37.519747235387,11.6113744075829,1.73775671406003,2.52764612954186,19.826224328594,3.94944707740916,5.29225908372828,1.81674565560821,0.4739336492891,0.394944707740916,0.710900473933649,0.0789889415481833,0.789889415481832,1266,8.05687203791469,0.0789889415481833,6.00315955766193,0.631911532385466,0,0.315955766192733,42.654028436019,1.81674565560821,1.26382306477093,5.52922590837283,0.394944707740916,33.2543443917852,425,0.494117647058824,0.327058823529412,0.108235294117647,0.0705882352941176,0.47,92.32,1.57,2.82,634,76.1009463722397,80.9858044164038,1789,2473,1.9023,940.440519371287,1330.49466435368,"75407",2.6,8,3.9,"Urban city and town",79.5197740112994,"8a Affluent communities","8 Suburban living","Hart 008D"
"25","E01023799",501,512,5407,4577,2708904,2343632,489,484,19669,19273,9618012,9328189,722,5378559,0.331024930747922,0.530470914127424,0.138504155124654,7.35729142373929,8361.10280373832,7744.36755952381,0.222991689750693,0.322107835946394,42,380897,0.913654832346135,0.0647029036357407,1.43253968253968,10671.7440476191,1989.88688212928,0.19,0.19,0.19,0.19,0.19,1.89,0.19,13.21,35.85,39.62,3.77,3.77,1.89,1378,116.14,11.86499053,47.89550073,52.10449927,100,0,38.8069666182874,42,5.22496371552975,2.90275761973875,1.81422351233672,7.47460087082729,1.59651669085631,3.55587808417997,2.90275761973875,7.03918722786647,4.78955007256894,17.343976777939,26.5602322206096,7.40203193033382,7.18432510885341,3.2656023222061,0.725689404934688,0.217706821480406,100,0,0,99.604743083004,0.395256916996047,61.4624505928854,12.2529644268775,23.7154150197628,1.97628458498024,0.395256916996047,0,0.197628458498024,34.9206349206349,38.8888888888889,0.198412698412698,6.34920634920635,11.7063492063492,6.54761904761905,0.595238095238095,0.793650793650794,0.595238095238095,3.57142857142857,1.38888888888889,9.52380952380952,31.9444444444444,38.4920634920635,13.8888888888889,6.15079365079365,13.7051039697543,39.6975425330813,13.7996219281664,3.68620037807183,3.49716446124764,12.8544423440454,4.53686200378072,5.19848771266541,1.89035916824197,1.13421550094518,1.03969754253308,0.850661625708885,0.189035916824197,1.79584120982987,1058,5.6710775047259,0.283553875236295,7.18336483931947,1.79584120982987,0.189035916824197,0,45.3686200378072,4.06427221172023,1.13421550094518,3.87523629489603,0.472589792060492,29.9621928166352,404,0.356435643564356,0.311881188118812,0.180693069306931,0.150990099009901,0.6,89.68,6.15,0.99,184,64.945652173913,78.0054347826087,1379,1368,1.1614,1187.36008265886,1163.2512484932,"51992",2.7,7,3.7,"Urban city and town",100,"3a Achieving neighbourhoods","3 Ethnically diverse professionals","Stevenage 002D"
"26","E01017841",498,726,5265,4198,2621823,3047865,444,728,24409,19186,10837474,13967530,809,6473793,0.318912237330037,0.494437577255872,0.186650185414091,7.48685095549808,9440.45454545455,8349.5,0.262051915945612,0.346581517203284,36,298437,0.936165336075881,0.0431565195863503,1.56177606177606,12497.6698841699,1979.27185314685,1.69,0,0.17,11.86,0.17,5.08,13.56,18.64,5.08,20.34,1.69,18.64,1.69,1429,110.9,12.88548242,49.54513646,50.45486354,98.81035689,1.189643107,40.2617214835549,42,4.12876137158852,2.79916025192442,2.37928621413576,8.04758572428272,1.53953813855843,3.07907627711686,2.44926522043387,5.87823652904129,4.82855143456963,18.8943317004899,23.7228831350595,6.6480055983205,9.51714485654304,4.05878236529041,1.3296011196641,0.699790062981106,100,0,0,97.5517890772128,2.44821092278719,74.3879472693032,12.9943502824859,6.59133709981168,3.38983050847458,0.941619585687382,1.69491525423729,0,35.3281853281853,42.4710424710425,0,0.579150579150579,1.73745173745174,7.14285714285714,11.969111969112,0.772200772200772,0.579150579150579,3.66795366795367,1.35135135135135,3.08880308880309,28.957528957529,45.5598455598456,17.5675675675676,4.82625482625483,11.3805970149254,46.455223880597,11.8470149253731,3.07835820895522,3.17164179104478,13.339552238806,5.87686567164179,2.98507462686567,0.932835820895522,0.932835820895522,0.746268656716418,1.02611940298507,0.373134328358209,0.932835820895522,1072,7.27611940298508,0.83955223880597,3.73134328358209,1.49253731343284,0.373134328358209,0.0932835820895522,51.2126865671642,3.17164179104478,0.466417910447761,3.26492537313433,0.186567164179104,27.8917910447761,411,0.518248175182482,0.345498783454988,0.0778588807785888,0.0583941605839416,0.58,89.58,2.51,3.28,369,71.710027100271,81.0785907859079,1428,1419,1.109,1287.64652840397,1354.37330928765,"69946",2.7,7.4,3.7,"Urban city and town",79.1505791505791,"3b Asian traits","3 Ethnically diverse professionals","Wycombe 015F"
"27","E01030944",506,510,6809,6573,3445335,3352084,462,464,21932,21220,10132635,9846152,786,5992475,0.330788804071247,0.505089058524173,0.16412213740458,7.73360990502862,9485.62,8072.73632538569,0.250636132315522,0.350092073809236,49,436043,0.905868769187907,0.065915625133689,1.58148893360161,12057.2937625755,1961.5,7.41,9.26,5.56,7.41,5.56,9.26,3.7,3.7,1.85,33.33,5.56,5.56,1.85,1397,609.05,2.293736146,50.89477452,49.10522548,98.63994273,1.360057266,37.5683607730852,39,6.94345025053686,4.36649964209019,3.86542591267001,7.08661417322835,1.21689334287759,2.36220472440945,1.5748031496063,4.79599141016464,4.7244094488189,22.1188260558339,22.6914817465999,6.22763063707946,7.51610594130279,3.36435218324982,0.930565497494631,0.214745884037223,100,0,0,95.2107279693487,4.78927203065134,64.176245210728,18.007662835249,11.4942528735632,1.14942528735632,2.68199233716475,0.957854406130268,1.53256704980843,33.6016096579477,51.5090543259557,0.402414486921529,1.00603621730382,0.804828973843058,9.85915492957746,0.804828973843058,2.01207243460765,1.81086519114688,0.804828973843058,0.804828973843058,5.63380281690141,29.3762575452716,44.0643863179074,13.2796780684105,7.64587525150905,11.9284294234592,43.1411530815109,13.817097415507,1.98807157057654,2.98210735586481,12.5248508946322,4.17495029821074,5.86481113320079,0.894632206759443,2.68389662027833,0.695825049701789,0.397614314115308,0.298210735586481,0.596421471172962,1006,6.85884691848907,0.099403578528827,13.817097415507,0.695825049701789,0.099403578528827,0.397614314115308,44.7316103379722,1.0934393638171,0.497017892644135,2.98210735586481,0.298210735586481,28.4294234592445,405,0.538271604938272,0.279012345679012,0.11358024691358,0.0691358024691358,1.81,85.11,2.62,4.63,262,64.4503816793893,77.4885496183206,1399,1449,6.0905,229.701994910106,230.030375174452,"86594",2.8,7.6,3.7,"Urban major conurbation",62.5730994152047,"8a Affluent communities","8 Suburban living","Woking 012A"
"28","E01021383",721,712,5357,4964,3862359,3534292,631,649,18816,18875,11872658,12249813,973,8564844,0.248715313463515,0.511819116135663,0.239465570400822,7.09451705282884,10178.0466666667,9120.30845225027,0.311408016443988,0.420830315181456,115,1801916,0.728151610642888,0.153192286706353,1.36657303370787,12029.2752808989,1989.63059163059,2.78,0.14,0,1.39,1.39,9.72,4.17,1.39,0.14,22.22,52.78,0.14,1.39,2136,232.44,9.18946825,48.12734082,51.87265918,100,0,34.8291198501873,38,5.61797752808989,5.29026217228464,4.35393258426966,11.4232209737828,1.82584269662921,3.41760299625468,2.62172284644195,3.60486891385768,2.5749063670412,24.9063670411985,19.0074906367041,4.91573033707865,6.27340823970037,3.51123595505618,0.421348314606742,0.234082397003745,100,0,0,98.75173370319,1.24826629680999,66.1581137309293,21.9140083217753,9.84743411927878,1.80305131761442,0,0.277392510402219,0,29.3539325842697,53.5112359550562,0.140449438202247,0.280898876404494,7.86516853932584,7.02247191011236,1.40449438202247,0.421348314606742,0.561797752808989,2.52808988764045,1.40449438202247,5.75842696629214,31.0393258426966,46.3483146067416,10.6741573033708,6.17977528089888,17.1766342141864,41.7941585535466,12.1001390820584,1.87760778859527,3.33796940194715,11.1265646731572,4.17246175243394,6.05006954102921,1.80806675938804,0.556328233657858,0.62586926286509,0.347705146036161,0.278164116828929,0.62586926286509,1438,5.49374130737135,0.486787204450626,8.41446453407511,1.52990264255911,0.347705146036161,0.556328233657858,49.095966620306,2.92072322670376,0.556328233657858,3.96383866481224,0.486787204450626,26.1474269819193,577,0.350086655112652,0.369150779896014,0.175043327556326,0.105719237435009,0.56,85.11,1.83,9.69,306,66.7908496732026,77.5490196078431,2137,2133,2.3244,919.377043538117,887.971089313371,"64631",3,7.1,3.7,"Urban city and town",50.5660377358491,"8c Comfortable suburbia","8 Suburban living","Braintree 010C"
"29","E01027260",606,658,5007,4582,3034337,3015123,596,616,20313,19544,12106533,12039325,856,6166770,0.379672897196262,0.466121495327103,0.154205607476636,7.65378661395664,8707.6935483871,7550.36351875809,0.275700934579439,0.381799548223787,46,435910,0.920288850449648,0.0650523876842344,1.46575342465753,10559.5376712329,1970.9921875,4.55,0,3.03,6.06,3.03,1.52,16.67,31.82,10.61,9.09,1.52,9.09,3.03,1422,63.69,22.3268959,49.64838256,50.35161744,99.78902954,0.210970464,46.2278481012658,50,3.0239099859353,1.9690576652602,1.68776371308017,6.39943741209564,1.61744022503516,2.81293952180028,1.54711673699015,4.78199718706048,3.79746835443038,14.3459915611814,24.4022503516174,9.28270042194093,13.7834036568214,8.15752461322082,1.89873417721519,0.492264416315049,100,0,0,97.6588628762542,2.34113712374582,70.066889632107,20.2341137123746,8.52842809364548,0.668896321070234,0.167224080267559,0.334448160535117,0,51.541095890411,38.3561643835616,0,3.25342465753425,0.513698630136986,5.13698630136986,0.342465753424658,0.856164383561644,0.513698630136986,0.684931506849315,1.54109589041096,6.33561643835616,38.6986301369863,38.1849315068493,12.1575342465753,4.62328767123288,11.4769520225776,35.7478833490122,14.3932267168391,2.6340545625588,2.91627469426152,21.6368767638758,3.57478833490122,3.85700846660395,1.88146754468485,1.88146754468485,0.376293508936971,0.846660395108184,0.188146754468485,1.12888052681091,1063,4.32737535277516,0,1.88146754468485,1.59924741298213,0.282220131702728,0.282220131702728,46.9426152398871,4.04515522107244,0.752587017873942,3.57478833490122,0.282220131702728,36.030103480715,370,0.42972972972973,0.335135135135135,0.140540540540541,0.0945945945945946,0.51,93.49,2.4,0.51,270,67.8222222222222,78.5703703703704,1423,1487,0.6369,2234.25969539959,2348.87737478411,"48124.5",2.4,7.5,3.6,"Urban city and town",100,"8a Affluent communities","8 Suburban living","Northampton 020D"
"30","E01016523",625,673,6882,6525,4300962,4391277,615,668,25347,22644,15588573,15125962,832,6366989,0.304086538461538,0.542067307692308,0.153846153846154,7.46602366661402,9237.47407407408,7949.06614785992,0.254807692307692,0.332622060443327,68,704450,0.849911304453919,0.094035032638279,1.42465753424658,10902.3784246575,1947.66129032258,22.39,1.49,1.49,1.49,1.49,17.91,5.97,7.46,5.97,7.46,14.93,4.48,8.96,1640,395.86,4.142878796,46.58536585,53.41463415,86.34146341,13.65853659,40.7121951219512,41,4.8780487804878,3.10975609756098,2.13414634146341,6.95121951219512,1.58536585365854,4.39024390243902,1.89024390243902,7.6219512195122,4.32926829268293,18.3536585365854,21.0365853658537,5.24390243902439,8.65853658536585,5.91463414634146,2.01219512195122,1.89024390243902,100,0,0,90.9657320872274,9.03426791277258,45.7943925233645,17.601246105919,13.7071651090343,13.7071651090343,6.38629283489097,2.80373831775701,0,34.5890410958904,32.7054794520548,0.171232876712329,0.513698630136986,4.45205479452055,17.9794520547945,2.22602739726027,7.36301369863014,1.1986301369863,4.79452054794521,2.3972602739726,5.82191780821918,35.6164383561644,41.2671232876712,11.986301369863,5.30821917808219,10.997442455243,34.6973572037511,15.2600170502984,2.21653878942881,2.81329923273657,11.2531969309463,14.4927536231884,5.54134697357204,0.852514919011083,1.87553282182438,0.426257459505541,0.51150895140665,0.170502983802217,0.937766410912191,1173,9.46291560102302,0.255754475703325,4.00682011935209,0.51150895140665,0.170502983802217,0.51150895140665,39.0451832907076,1.53452685421995,0.852514919011083,5.54134697357204,1.36402387041773,36.7433930093777,426,0.509389671361502,0.291079812206573,0.103286384976526,0.0962441314553991,1.2,89.38,2.74,2.05,379,67.7704485488127,76.5672823218997,1641,1583,3.9586,414.540494114081,406.204213610873,"82112",2.4,6.8,3.3,"Urban city and town",100,"3c Highly qualified professionals","3 Ethnically diverse professionals","Windsor and Maidenhead 017B"
"31","E01030932",649,650,5206,5323,3378915,3460108,553,556,18821,17764,10407946,9877028,771,6148812,0.299610894941634,0.525291828793774,0.175097276264591,8.51597656669605,9138.35,8387.38335809807,0.267185473411154,0.357433923821382,52,374510,0.930368651503721,0.0566666152217141,1.30456852791878,10404.0812182741,1936.79411764706,23.53,2.94,2.94,2.94,36.76,5.88,1.47,2.94,2.94,2.94,4.41,10.29,0.15,1493,335.57,4.449146229,48.09109176,51.90890824,100,0,39.8144675150703,42,5.8271935699933,4.55458807769591,3.81781647689216,6.69792364367046,1.07166778298727,3.08104487608841,2.27729403884796,4.08573342263898,3.95177494976557,19.490957803081,22.7059611520429,6.76490288010717,7.70261219022103,5.49229738780978,1.67448091091762,0.803750837240455,100,0,0,96.0975609756098,3.90243902439024,35.2845528455285,32.1951219512195,22.4390243902439,6.50406504065041,3.2520325203252,0.32520325203252,0,34.5177664974619,38.2402707275804,0.338409475465313,19.9661590524535,0.50761421319797,4.23011844331641,0.846023688663283,1.35363790186125,0.846023688663283,4.06091370558376,3.38409475465313,10.82910321489,37.7326565143824,37.0558375634518,10.4906937394247,3.8917089678511,13.1931166347992,39.2925430210325,15.3919694072658,3.05927342256214,3.72848948374761,12.0458891013384,3.63288718929254,6.30975143403442,2.19885277246654,1.1472275334608,0.956022944550669,0.573613766730402,0.286806883365201,0.860420650095602,1046,6.69216061185469,0.191204588910134,10.038240917782,0.764818355640535,0.0956022944550669,0.382409177820268,43.1166347992352,2.77246653919694,0.669216061185469,6.11854684512428,0.286806883365201,28.8718929254302,433,0.429561200923788,0.237875288683603,0.187066974595843,0.145496535796767,0.85,83.59,4.06,5.92,330,65.5909090909091,78.6909090909091,1493,1523,3.3557,444.914622880472,456.536639151295,"42207",2.5,6.3,3.1,"Urban city and town",100,"5c Comfortable neighbourhoods","5 Industrious communities","Waverley 016C"
"32","E01012584",536,570,5686,5214,3047878,2971774,476,514,24862,23305,11834107,11978669,697,5543501,0.309899569583931,0.522238163558106,0.167862266857963,7.56425356740583,9103.36448598131,8271.7893081761,0.324246771879484,0.430793283883236,25,205000,0.938233494599679,0.0346961002429573,1.33781190019194,10640.1170825336,1968.83606557377,8.33,1.67,6.67,8.33,1.67,6.67,8.33,6.67,13.33,1.67,31.67,6.67,1.67,1473,297.77,4.946770998,50.16972166,49.83027834,98.09911745,1.900882553,40.2199592668024,42,5.97420230821453,3.93754243041412,2.78343516632722,6.31364562118126,1.83299389002037,2.24032586558045,2.1724372029871,5.70264765784114,4.07331975560081,19.8234894772573,21.3849287169043,6.5173116089613,9.50441276306857,5.15953835709437,1.69721656483367,0.88255261371351,100,0,0,94.8998178506375,5.10018214936248,55.0091074681239,21.8579234972678,7.46812386156649,14.7540983606557,0.364298724954463,0.546448087431694,0,41.8426103646833,42.8023032629559,0.575815738963532,0.191938579654511,3.07101727447217,9.40499040307102,0.767754318618042,1.34357005758157,0.191938579654511,2.49520153550864,2.68714011516315,5.95009596928983,35.1247600767754,41.6506717850288,13.6276391554703,3.6468330134357,13.9733840304183,35.0760456273764,17.3954372623574,1.14068441064639,2.47148288973384,14.828897338403,5.03802281368821,5.32319391634981,2.47148288973384,2.28136882129278,0.475285171102662,0.475285171102662,0.0950570342205323,0.190114068441065,1052,5.893536121673,0,0.950570342205323,0.665399239543726,0.475285171102662,0.0950570342205323,52.6615969581749,4.94296577946768,0.190114068441065,1.52091254752852,0.665399239543726,31.9391634980989,389,0.416452442159383,0.365038560411311,0.138817480719794,0.0796915167095116,0.19,87.52,6.91,1.54,335,68.7402985074627,78.9373134328358,1473,1664,2.9777,494.677099774994,563.858011216711,"48870",2.8,7.3,3.5,"Urban city and town",100,"3b Asian traits","3 Ethnically diverse professionals","Blackburn with Darwen 010A"
"33","E01016510",451,633,5428,4225,2448082,2674392,446,496,22712,21255,10129648,10542722,720,5213604,0.35,0.541666666666667,0.108333333333333,7.65111795573808,8206.81927710843,7485.26766917293,0.208333333333333,0.286557053431753,38,518082,0.891400410239471,0.0885795137754393,1.57549234135667,11408.3238512035,1970.8,1.56,1.56,6.25,15.62,1.56,26.56,1.56,10.94,1.56,1.56,3.12,29.69,1.56,1472,47.86,30.75637275,49.72826087,50.27173913,99.72826087,0.27173913,40.9375,42,4.41576086956522,2.03804347826087,2.17391304347826,5.50271739130435,1.08695652173913,4.48369565217391,2.64945652173913,5.91032608695652,6.11413043478261,19.5652173913043,23.7092391304348,6.65760869565217,8.28804347826087,5.43478260869565,1.15489130434783,0.815217391304348,100,0,0,99.1323210412148,0.867678958785249,64.6420824295011,23.644251626898,6.29067245119306,3.25379609544469,1.95227765726681,0,0.216919739696312,40.9190371991247,46.8271334792123,0.218818380743982,0.656455142231947,0.437636761487965,9.19037199124726,0.87527352297593,0.87527352297593,0.437636761487965,8.31509846827133,7.65864332603939,7.65864332603939,28.8840262582057,37.417943107221,16.8490153172867,9.19037199124726,10.2721685689201,41.352063213345,12.0280948200176,3.68744512730465,3.51185250219491,13.4328358208955,7.7260755048288,3.51185250219491,1.9315188762072,2.54609306409131,0.438981562774364,0.614574187884109,0.526777875329236,1.66812993854258,1139,3.59964881474978,0.702370500438982,6.32133450395083,3.51185250219491,0.0877963125548727,0.263388937664618,44.7761194029851,3.59964881474978,1.14135206321335,2.10711150131694,0.526777875329236,33.3625987708516,340,0.352941176470588,0.3,0.176470588235294,0.170588235294118,0.44,91.25,1.75,3.72,390,73.7384615384615,82.4307692307692,1467,1932,0.4786,3065.19013790222,4066.02590890096,"66204.5",3.2,6.7,3.6,"Urban city and town",75.5178907721281,"3b Asian traits","3 Ethnically diverse professionals","Slough 010E"
