"LSOA11","area_group","area_supergroup","MeanDomElec_11_kWh","MeanDomGas_11_kWh","cars_percap","miles_percap","T2W_Car.","pHeating_Gas","pHeating_Electric","pHeating_Other","median_household_income","mean_household.size","mean_rooms"
"E01010216","8c Comfortable suburbia","8 Suburban living",4060,15850,1.26865671641791,9849.57711442786,54.3496985357451,96.19,1,0.5,"50759",2.5,6.5
"E01009723","8b Ageing suburbanites","8 Suburban living",4289,14679,1.40128755364807,8961.22317596567,58.5858585858586,94.21,1.5,0.43,"43092",2.7,6.4
"E01027066","8b Ageing suburbanites","8 Suburban living",5275,16450,1.38737623762376,12392.6893564356,58.2474226804124,88.37,2.23,6.06,"52212",2.7,6.9
"E01023248","8a Affluent communities","8 Suburban living",4785,17833,1.28759124087591,9701.78394160584,38.8214904679376,88.47,6.13,1.75,"51489",2.5,6.7
"E01026997","2a Ageing rural neighbourhoods","2 Countryside living",5763,22298,1.43108504398827,11127.4824046921,51.6492357200322,83.87,6.01,3.81,"53504",2.5,7.2
"E01022113","8a Affluent communities","8 Suburban living",4723,19409,1.29411764705882,8568.07002801121,38.6654478976234,94.54,1.4,0.84,"52652",2.3,7.2
"E01032300","8b Ageing suburbanites","8 Suburban living",4308,17157,1.25648854961832,8880.55572519084,46.0644007155635,93.59,2.6,0.76,"46380",2.4,6.8
"E01022909","8b Ageing suburbanites","8 Suburban living",4507,15475,1.2515923566879,8867.84872611465,48.513986013986,91.24,3.82,0.32,"39982",2.5,6.3
"E01025028","5b Aspiring urban households","5 Industrious communities",4062,16343,1.2,8355.03486238532,49.0234375,90.28,1.47,2.02,"35527",2.5,6.2
"E01017862","3a Achieving neighbourhoods","3 Ethnically diverse professionals",4433,16423,1.25920679886686,9553.84844192635,50.0749625187406,87.25,4.11,2.27,"50540.5",2.7,6
"E01013803","2d Rural traits","2 Countryside living",4132,15630,1.06211812627291,8240.02240325866,42.52017380509,86.15,8.04,1.02,"32454.5",2.3,6.1
"E01023111","3c Highly qualified professionals","3 Ethnically diverse professionals",5037,21300,1.21825396825397,8791.72883597884,47.2993827160494,76.46,18.12,1.72,"50058",2.3,5.9
"E01027174","8c Comfortable suburbia","8 Suburban living",4441,15399,1.41747572815534,11762.4368932039,51.7207472959685,94.56,1.36,0.58,"45202.5",2.6,6.7
"E01030349","3c Highly qualified professionals","3 Ethnically diverse professionals",5966,21882,1.34566145092461,8309.45945945946,31.8103448275862,88.9,3.84,1.71,"70888",2.3,6.7
"E01030348","3c Highly qualified professionals","3 Ethnically diverse professionals",6425,22105,1.39006024096386,8785.19277108434,31.7647058823529,88.7,4.67,1.96,"68561",2.4,6.9
"E01005017","5b Aspiring urban households","5 Industrious communities",4123,15611,1.06647807637907,8653.43281471004,54.9477071600965,91.37,1.98,1.27,"38436",2.5,5.8
"E01010109","8c Comfortable suburbia","8 Suburban living",5411,17507,1.24909090909091,9193.41818181818,48.7758945386064,81.82,4.55,9.27,"35998",2.5,6.1
"E01007076","2a Ageing rural neighbourhoods","2 Countryside living",4624,16301,1.16869565217391,8578.17913043478,42.2690763052209,70.43,5.57,16,"33412",2.4,6.4
"E01023097","8a Affluent communities","8 Suburban living",4723,19167,1.31929824561404,9536.5649122807,47.1296296296296,91.58,4.04,0,"53156",2.5,6.8
"E01016604","3c Highly qualified professionals","3 Ethnically diverse professionals",7392,25006,1.44215938303342,10055.2030848329,35.7088703563306,84.7,9.38,2.31,"73162",2.4,7.5
"E01016607","8a Affluent communities","8 Suburban living",8286,29702,1.70132325141777,12211.0472589792,33.0228619813717,91.12,1.7,3.02,"91555.5",2.7,8.5
"E01028117","8c Comfortable suburbia","8 Suburban living",4378,15013,1.31103074141049,9851.44122965642,56.8278201865988,94.03,1.99,0.9,"44453.5",2.8,6.4
"E01016684","8c Comfortable suburbia","8 Suburban living",4429,16902,1.40872374798061,9892.31179321486,49.6592844974446,93.7,2.1,0.97,"51104",2.6,6.4
"E01016093","8b Ageing suburbanites","8 Suburban living",4516,15388,1.21353383458647,8504.22706766917,43.5368043087971,93.68,1.35,2.41,"34090",2.3,5.9
"E01025794","8a Affluent communities","8 Suburban living",4471,17254,1.29281767955801,10309.8936464088,48.9219330855019,93.65,3.59,0.41,"53129",2.6,6.9
"E01020407","8b Ageing suburbanites","8 Suburban living",4153,15006,1.31853281853282,8801.80308880309,50.9592326139089,90.54,3.67,2.12,"33825.5",2.3,5.9
"E01009671","1a Cosmopolitan student neighbourhoods","1 Cosmopolitan student neighbourhoods",8335,29526,1.84634146341463,14456.8414634146,12.6540041067762,91.71,2.93,1.46,"73692",3.1,8.4
"E01030651","3a Achieving neighbourhoods","3 Ethnically diverse professionals",4177,15117,1.22419928825623,8999.88078291815,49.4549058473736,90.57,3.91,0.89,"50748.5",2.4,5.2
"E01023655","8c Comfortable suburbia","8 Suburban living",4720,18141,1.25521669341894,9560.75601926164,42.4434389140272,88.6,4.98,2.41,"42585",2.4,6.8
"E01014181","8c Comfortable suburbia","8 Suburban living",4940,19595,1.38830584707646,13194.3823088456,62.3198352779684,95.5,2.1,0.75,"64130.5",3,7.7
"E01030648","3c Highly qualified professionals","3 Ethnically diverse professionals",4251,16027,1.21019108280255,8915.55891719745,50.8268059181897,89.33,5.1,0.64,"56834.5",2.5,5.7
"E01019756","8c Comfortable suburbia","8 Suburban living",4839,20415,1.33962264150943,10586.248427673,55.1519644180875,95.28,0.79,0.47,"57373",2.9,7
"E01018619","8c Comfortable suburbia","8 Suburban living",4257,16612,1.2140350877193,8811.70877192983,56.7877629063097,91.05,1.58,2.98,"42062",2.5,6.1
"E01017798","8a Affluent communities","8 Suburban living",6676,29280,1.42296918767507,9554.04481792717,30.2170283806344,93.42,1.12,2.38,"69614.5",2.5,8.2
"E01017799","3c Highly qualified professionals","3 Ethnically diverse professionals",5222,20817,1.3109987357775,10009.8798988622,43.6296296296296,90.14,4.05,1.26,"62231",2.5,6.5
"E01027786","2a Ageing rural neighbourhoods","2 Countryside living",4428,20666,1.11482558139535,8543.40697674419,38.5288966725044,89.24,2.33,1.6,"40075",2.2,6.8
"E01018397","8c Comfortable suburbia","8 Suburban living",4307,16772,1.20936639118457,9255.84573002755,56.5980167810831,90.22,4.13,1.38,"51071",2.5,6.5
"E01023820","3a Achieving neighbourhoods","3 Ethnically diverse professionals",5604,21716,1.32029795158287,8507.70018621974,40.8988764044944,83.24,11.36,1.49,"53967",2.4,6.5
"E01031713","8b Ageing suburbanites","8 Suburban living",4290,16574,1.28057553956835,8808.10251798561,43.768115942029,93.71,1.8,1.26,"42358",2.5,6.1
"E01028709","8a Affluent communities","8 Suburban living",4898,20066,1.3936170212766,10310.4224924012,38.7603305785124,88.6,6.38,2.13,"56154.5",2.4,7
"E01022849","8a Affluent communities","8 Suburban living",4447,16731,1.38544891640867,10449.5108359133,52.6141078838174,91.02,4.02,0.46,"50313",2.6,6.5
"E01030681","3a Achieving neighbourhoods","3 Ethnically diverse professionals",4846,15910,1.33230769230769,8971.31692307692,50.1285347043702,87.69,7.69,0.46,"44211",2.4,5.8
"E01029718","8c Comfortable suburbia","8 Suburban living",3959,14738,1.1527950310559,8622.32422360249,50.4048582995952,93.91,1.49,1.37,"31249.5",2.4,6
"E01007928","8a Affluent communities","8 Suburban living",5575,27069,1.31019830028329,8298.66147308782,43.8906752411576,87.39,8.5,0.85,"49469",2.5,7.1
"E01024463","8a Affluent communities","8 Suburban living",6577,28232,1.50867052023121,9789.63198458574,23.4774066797642,91.14,1.73,1.73,"90946",2.9,8.3
"E01005442","8b Ageing suburbanites","8 Suburban living",4188,15764,1.1156462585034,8369.96598639456,52.1428571428572,93.54,1.36,1.19,"37127",2.4,5.5
"E01022625","5a Ageing urban communities","5 Industrious communities",4271,17199,1.25963302752294,10430.3440366972,43.8274932614555,85.6,4.13,4.59,"45046.5",2.4,6.5
"E01022624","8a Affluent communities","8 Suburban living",4051,15846,1.298,10373.318,39.3333333333333,91,2.8,2.6,"50993",2.3,6.6
"E01004779","5b Aspiring urban households","5 Industrious communities",4409,14796,1.03741496598639,8291.51020408163,49.9568593615186,93.2,2.72,0.51,"30060",2.6,6
"E01021609","8c Comfortable suburbia","8 Suburban living",5276,17921,1.49126213592233,12325.3533980583,44.8438978240303,94.76,0.58,1.75,"68942.5",2.8,7.3
"E01022676","8c Comfortable suburbia","8 Suburban living",4319,14793,1.38980263157895,10845.9720394737,55.3781512605042,91.28,1.15,1.64,"41614",2.5,6.1
"E01021195","2a Ageing rural neighbourhoods","2 Countryside living",4560,15128,1.35512820512821,10223.3448717949,47.0877192982456,77.56,1.92,12.31,"35819.5",2.3,6
"E01029518","8c Comfortable suburbia","8 Suburban living",4206,16634,1.19210053859964,9572.16157989228,53.001017293998,87.88,7.72,1.26,"51868.5",2.4,6.2
"E01001417","3b Asian traits","3 Ethnically diverse professionals",8551,31642,1.54409317803661,9678.81031613977,31.2630844382415,93.18,2,1.66,"57301",2.8,7.8
"E01023578","8a Affluent communities","8 Suburban living",5779,25058,1.36712749615975,8684.77419354839,32.1929824561404,88.79,6.76,0.77,"55080",2.4,6.6
"E01008448","8b Ageing suburbanites","8 Suburban living",3946,17250,1.15007898894155,8398.08214849921,50.6265664160401,96.52,0.79,0.79,"39887",2.3,6.3
"E01017921","3b Asian traits","3 Ethnically diverse professionals",4757,17806,1.1053412462908,8954.68991097923,40.4301075268817,74.93,16.02,1.04,"39855.5",2.5,5.6
"E01017920","3a Achieving neighbourhoods","3 Ethnically diverse professionals",4124,15859,1.33193277310924,10113.1407563025,51.5555555555556,94.12,1.68,0.84,"46218.5",2.6,6
"E01011458","8a Affluent communities","8 Suburban living",4638,22714,1.29496402877698,9062.47302158273,50,94.42,0.9,0.54,"48435",2.5,6.6
"E01025833","2b Prospering countryside life","2 Countryside living",4173,16763,1.10104011887073,8458.08320950966,55.2930883639545,87.67,2.82,2.53,"40709",2.4,6.1
"E01025832","8c Comfortable suburbia","8 Suburban living",4649,18083,1.28664495114007,10393.6563517915,57.996632996633,93.97,1.3,0.49,"54953",2.6,7
"E01025835","8b Ageing suburbanites","8 Suburban living",4257,16584,1.18041958041958,8578.3972027972,48.9158716392021,94.69,2.38,0.84,"38499",2.2,6.3
"E01002512","3b Asian traits","3 Ethnically diverse professionals",4397,18977,1.2967542503864,8540.76970633694,37.7535101404056,91.5,4.17,0.93,"66451",2.6,6.4
"E01030435","8a Affluent communities","8 Suburban living",4553,17530,1.41885625965997,9846.61514683153,47.0441298917569,94.44,2.47,1.08,"64166",2.7,6.4
"E01012495","8c Comfortable suburbia","8 Suburban living",4289,14881,1.19751166407465,9523.49455676516,61.9010819165379,86.63,10.73,0.16,"43179",2.7,6.1
"E01006476","8b Ageing suburbanites","8 Suburban living",4433,15199,1.12323943661972,8367.43838028169,48.2027649769585,90.49,7.22,1.23,"39644",2.5,6.2
"E01022946","5a Ageing urban communities","5 Industrious communities",4181,14752,1.17290322580645,8413.61935483871,43.1943351691581,82.97,10.32,0.9,"34870",2.2,6
"E01017801","8a Affluent communities","8 Suburban living",6515,26351,1.51206896551724,11279.1948275862,42.4434389140272,89.48,2.41,2.76,"76764",2.8,7.8
"E01030761","8a Affluent communities","8 Suburban living",5329,18422,1.49565217391304,10832.4991304348,36.9040247678019,90.78,1.74,2.78,"52232",2.7,6.8
"E01031966","8b Ageing suburbanites","8 Suburban living",4280,15117,1.40923566878981,11388.3853503185,49.911190053286,86.94,3.98,4.78,"46521",2.4,6.5
"E01006859","8c Comfortable suburbia","8 Suburban living",4693,17519,1.1657060518732,9428.67291066282,53.1451612903226,84.87,9.65,1.3,"40314",2.4,6.2
"E01030568","8a Affluent communities","8 Suburban living",5626,25121,1.47887323943662,9479.35387323944,42.6573426573427,94.72,1.23,0.53,"67866.5",2.7,7.1
"E01010207","8a Affluent communities","8 Suburban living",4288,16462,1.17333333333333,8258.045,50.453720508167,90.5,7.33,0.5,"44690.5",2.4,6.6
"E01011526","8c Comfortable suburbia","8 Suburban living",4152,15922,1.1799591002045,8718.68507157464,55.4878048780488,96.32,1.23,0.2,"55667",2.6,6.2
"E01016291","8c Comfortable suburbia","8 Suburban living",4523,17079,1.19767441860465,9293.83430232558,46.9918699186992,88.37,5.96,1.74,"50087.5",2.6,6.5
"E01025599","8b Ageing suburbanites","8 Suburban living",4653,17352,1.20833333333333,8414.17592592593,51.2855209742896,88.66,6.48,2.08,"39196.5",2.3,6.1
"E01026233","8b Ageing suburbanites","8 Suburban living",3957,16895,1.22959889349931,10693.4232365145,52.1809369951535,92.81,2.35,0.83,"40126",2.4,6.6
"E01011983","8a Affluent communities","8 Suburban living",4890,21686,1.31796502384738,10050.2718600954,47.794707297514,95.71,1.11,0.95,"47997",2.6,7.6
"E01025915","8a Affluent communities","8 Suburban living",4274,19262,1.0994575045208,8812.33273056058,52.7654867256637,87.16,9.4,0.36,"44296",2.2,6.2
"E01022864","5c Comfortable neighbourhoods","5 Industrious communities",4622,18856,1.2311320754717,8398.97012578616,42.5742574257426,77.52,17.3,1.26,"38769",2.3,6.1
"E01022867","3a Achieving neighbourhoods","3 Ethnically diverse professionals",6137,14647,1.17209302325581,9309.79224806202,54.0885860306644,82.79,12.56,0.78,"59537",2.4,5.7
"E01028510","8a Affluent communities","8 Suburban living",4881,17809,1.36006289308176,10732.5786163522,49.2214532871972,91.35,2.2,2.36,"45239",2.4,6.4
"E01005587","8c Comfortable suburbia","8 Suburban living",4751,17723,1.30314960629921,10414.9350393701,58.8397790055249,95.28,1.18,0.59,"53029.5",2.9,6.9
"E01007038","5c Comfortable neighbourhoods","5 Industrious communities",4856,17481,1.13584288052373,8564.14566284779,42.9458740017746,78.23,4.42,9.17,"28784.5",2.4,6.2
"E01022698","8a Affluent communities","8 Suburban living",4376,16204,1.26533742331288,8637.17331288344,53.2244196044712,86.96,8.59,0.61,"38440",2.4,6.1
"E01006301","8b Ageing suburbanites","8 Suburban living",4556,17686,1.24248120300752,9234.40037593985,54.3604651162791,95.49,1.32,1.32,"43161",2.6,6.7
"E01018536","8b Ageing suburbanites","8 Suburban living",4170,16660,1.23149394347241,9589.37415881561,47.6772616136919,92.87,1.88,0.67,"39236",2.2,6.3
"E01023269","1a Cosmopolitan student neighbourhoods","1 Cosmopolitan student neighbourhoods",4207,15424,1.07066052227343,8297.81105990784,21.9242902208202,90.48,2.3,2.76,"54739",2.6,6.3
"E01021351","8c Comfortable suburbia","8 Suburban living",4863,15388,1.40966010733453,12520.0214669052,56.3729683490163,90.16,4.47,1.43,"66155",2.8,6.9
"E01027538","8b Ageing suburbanites","8 Suburban living",3921,15752,1.15,9474.3125,54.2815674891147,93.47,2.08,0.83,"36685.5",2.5,6.2
"E01016702","3a Achieving neighbourhoods","3 Ethnically diverse professionals",4756,16099,1.32424677187948,10641.512195122,51.9230769230769,87.66,6.46,2.3,"56569",2.6,6.1
"E01030652","3a Achieving neighbourhoods","3 Ethnically diverse professionals",4444,15011,1.13135593220339,8397.8813559322,49.2875104777871,82.63,9.75,1.98,"45991.5",2.3,5.1
"E01020611","8b Ageing suburbanites","8 Suburban living",4173,18109,1.1426116838488,8130.41580756014,48.0673934588702,91.58,1.55,2.41,"34853",2.3,6.2
"E01017389","8c Comfortable suburbia","8 Suburban living",4031,14784,1.30987821380244,11911.3761840325,54.9157303370787,86.87,7.71,3.92,"54220.5",2.6,6.1
"E01016410","3b Asian traits","3 Ethnically diverse professionals",4536,16861,1.28376327769347,9092.02276176024,44.1058540497193,88.32,7.44,0.46,"51231",2.5,6.3
"E01011187","5b Aspiring urban households","5 Industrious communities",4123,18565,1.1021897810219,8655.5795620438,45.158791634392,89.64,1.61,2.04,"34281.5",2.6,6.2
"E01009066","3b Asian traits","3 Ethnically diverse professionals",5165,24889,1.2396006655574,8907.30116472546,46.3908450704225,90.02,2.33,1,"51153",2.5,6.7
"E01028672","2b Prospering countryside life","2 Countryside living",5309,16554,1.31223021582734,10621.4345323741,43.6772046589018,79.42,6.62,9.5,"47932.5",2.5,6.4
"E01013257","2c Remoter communities","2 Countryside living",3975,15155,1.16487935656836,9237.89142091153,49.024024024024,90.88,0.67,4.96,"34841.5",2.4,6.3
"E01019473","8b Ageing suburbanites","8 Suburban living",4318,15863,1.41231343283582,10399.5708955224,58.597502401537,94.22,1.87,1.31,"40904.5",2.5,6.3
"E01016700","8a Affluent communities","8 Suburban living",4833,17145,1.44321329639889,10795.3739612188,53.2179930795848,94.74,0.55,1.52,"69122",2.6,6.7
"E01023132","3a Achieving neighbourhoods","3 Ethnically diverse professionals",4098,15490,1.26872964169381,9949.04397394137,50.5300353356891,88.27,7.65,1.14,"39262",2.5,6
"E01017776","3d Households in terraces and flats","3 Ethnically diverse professionals",5007,18055,1.10287443267776,8357.95612708018,36.4674868189807,85.17,8.93,1.66,"36531.5",2.4,6.1
"E01029375","8c Comfortable suburbia","8 Suburban living",4493,15676,1.2989921612542,10509.4972004479,66.6307277628032,89.92,7.39,0.22,"46162.5",2.8,6.5
"E01001422","3b Asian traits","3 Ethnically diverse professionals",9488,34110,1.7871198568873,11027.7066189624,31.6889632107023,94.1,1.07,1.07,"87557",2.9,8.2
"E01028708","3c Highly qualified professionals","3 Ethnically diverse professionals",4839,15990,1.11914323962517,8981.80722891566,40.5112316034082,81.39,7.9,4.55,"35850",2.3,6.1
"E01021933","8c Comfortable suburbia","8 Suburban living",5090,18411,1.30058939096267,8815.3673870334,42.3576423576424,92.34,3.54,1.38,"44461",2.7,6.4
"E01016548","3a Achieving neighbourhoods","3 Ethnically diverse professionals",4202,15618,1.12530120481928,8127.08554216868,50.8185053380783,89.04,7.23,1.08,"61533",2.3,5.3
"E01017797","8a Affluent communities","8 Suburban living",8192,33123,1.66791744840525,11563.04315197,28.448275862069,94.56,0.75,0.94,"85727.5",2.8,8.8
"E01025982","8c Comfortable suburbia","8 Suburban living",4257,17848,1.56177924217463,12366.9868204283,56.6714490674319,94.07,1.48,0.49,"52858",3.2,7
"E01024939","8b Ageing suburbanites","8 Suburban living",4630,17936,1.29386590584879,9992.86733238231,51.6783762685402,88.73,5.28,1.71,"39893",2.5,6.5
"E01017650","8c Comfortable suburbia","8 Suburban living",4428,15178,1.31691297208539,11772.9704433498,53.9815590947192,89.66,6.08,1.97,"57491",2.7,6.6
"E01027712","2a Ageing rural neighbourhoods","2 Countryside living",3995,15622,1.19207920792079,9577.58613861386,42.8571428571429,92.67,1.78,0.99,"45080",2.6,6.3
"E01006024","8c Comfortable suburbia","8 Suburban living",4789,18100,1.27555555555556,9240.66074074074,54.4257498171178,94.22,0.89,1.78,"45626",2.7,6.6
"E01023444","3a Achieving neighbourhoods","3 Ethnically diverse professionals",3951,15341,1.09104258443466,8518.21439060206,39.1122278056951,86.49,5.73,0.59,"54682",2.4,5.5
"E01028723","2d Rural traits","2 Countryside living",4143,14967,1.26610169491525,9311.21186440678,47.117296222664,87.97,3.39,3.39,"34747.5",2.4,6.1
"E01028722","8c Comfortable suburbia","8 Suburban living",4167,14920,1.23333333333333,9713.31014492754,49.3115318416523,87.54,7.1,1.16,"39817",2.3,5.7
"E01004893","8b Ageing suburbanites","8 Suburban living",4554,16751,1.30405405405405,9240.60304054054,54.9152542372881,93.92,1.01,1.69,"39967.5",2.6,6.5
"E01030893","3c Highly qualified professionals","3 Ethnically diverse professionals",4136,15961,1.11196911196911,9108.10296010296,41.3718411552347,89.7,4.89,1.54,"41997",2.4,5.7
"E01018189","8a Affluent communities","8 Suburban living",4581,16391,1.41434262948207,11124.6673306773,48.1751824817518,92.63,1.39,1.59,"60000.5",2.6,7.2
"E01018176","8b Ageing suburbanites","8 Suburban living",4797,17862,1.55165289256198,12108.9772727273,48.5477178423237,96.69,0.83,1.65,"60607",2.6,7.3
"E01016723","3b Asian traits","3 Ethnically diverse professionals",4103,14690,1.18770226537217,9289.86569579288,42.4357034795764,92.72,1.78,1.46,"52682.5",2.8,6.2
"E01028469","8b Ageing suburbanites","8 Suburban living",4578,15773,1.26677852348993,10075.0369127517,46.6845878136201,90.94,5.7,1.01,"35157",2.6,5.8
"E01022955","8a Affluent communities","8 Suburban living",4056,16557,1.2,8217.51544715447,42.6041666666667,88.62,6.5,0.49,"38323",2.2,6.4
"E01019464","8b Ageing suburbanites","8 Suburban living",4326,17085,1.21212121212121,9007.71717171717,55.3264604810997,90.28,2.27,2.53,"39104.5",2.5,6.5
"E01031913","5a Ageing urban communities","5 Industrious communities",4285,14742,1.15827338129496,8836.36151079137,47.5951903807615,87.05,5.22,2.7,"43265",2.4,6.2
"E01025470","8b Ageing suburbanites","8 Suburban living",4924,16245,1.41512915129151,12774.5627306273,58.8640275387263,95.76,1.11,0.37,"42138",2.8,6.5
"E01005995","8c Comfortable suburbia","8 Suburban living",5064,16676,1.28543307086614,8827.47047244095,53.8599640933573,92.91,1.77,1.18,"39631.5",2.8,6.3
"E01023505","3c Highly qualified professionals","3 Ethnically diverse professionals",4591,15342,1.10626702997275,8605.64577656676,47.5931677018634,69.21,23.71,0.68,"58980.5",2.3,5.3
"E01008311","3a Achieving neighbourhoods","3 Ethnically diverse professionals",3907,16180,1.08127721335269,8307.25399129173,49.8843484965305,90.71,5.95,0.44,"36897",2.4,6
"E01006473","8b Ageing suburbanites","8 Suburban living",4471,17574,1.13265306122449,8504.99183673469,43.4279705573081,93.47,1.02,0.82,"37256",2.5,6.3
"E01031756","3a Achieving neighbourhoods","3 Ethnically diverse professionals",4151,17197,1.23264781491003,8631.94473007712,37.4818049490539,86.63,7.07,2.57,"46408",2.4,6.1
"E01010201","8c Comfortable suburbia","8 Suburban living",4241,18352,1.26948051948052,8501.76623376623,47.7547495682211,93.18,1.95,1.79,"39538",2.7,6.3
"E01012435","8b Ageing suburbanites","8 Suburban living",5104,16443,1.39130434782609,12717.0816864295,57.4004975124378,96.44,0.53,1.45,"56827",2.8,7.4
"E01010227","3b Asian traits","3 Ethnically diverse professionals",5405,20471,1.23904881101377,9279.26157697121,50.9489051094891,84.98,8.51,2.88,"51396",2.3,6.4
"E01030802","3a Achieving neighbourhoods","3 Ethnically diverse professionals",4863,20141,1.40625,10463.5550595238,46.2978030919447,91.07,4.02,0.45,"53354",2.5,6.4
"E01027489","5c Comfortable neighbourhoods","5 Industrious communities",4010,19598,1.10615384615385,9395.19230769231,40.4006677796327,90.92,2,3.69,"34563.5",2.5,6.7
"E01032226","3a Achieving neighbourhoods","3 Ethnically diverse professionals",4043,14695,1.21744471744472,9513.01965601966,53.0503978779841,92.63,2.46,0.12,"36070",2.4,6.3
"E01021386","8c Comfortable suburbia","8 Suburban living",4854,16868,1.44326241134752,12666.6897163121,52.97670405522,92.55,0.89,3.01,"65160",2.9,7.2
"E01022578","5c Comfortable neighbourhoods","5 Industrious communities",4047,15600,1.26746166950596,10313.7896081772,47.6123595505618,91.31,3.32,0.85,"41844",2.5,6.3
"E01004901","8c Comfortable suburbia","8 Suburban living",4382,15829,1.17591339648173,8767.66711772666,56.2543192812716,88.36,8.53,0.41,"40701",2.5,6
"E01015536","3a Achieving neighbourhoods","3 Ethnically diverse professionals",4071,14857,1.15513833992095,8543.34782608696,47.1664698937426,93.08,2.37,1.09,"46194",2.4,6.3
"E01016814","2b Prospering countryside life","2 Countryside living",4692,15466,1.14227642276423,8557.27777777778,44.3190975020145,80.49,7.32,6.64,"33833",2.2,6.2
"E01023893","3b Asian traits","3 Ethnically diverse professionals",4028,16483,1.26510989010989,8959.85302197802,47.6305220883534,81.04,15.11,0.55,"37901",2.3,5.3
"E01012032","8c Comfortable suburbia","8 Suburban living",4367,16126,1.33823529411765,11337.3366013072,58.1749049429658,95.1,0.65,0.82,"44017",2.8,6.7
"E01012034","5c Comfortable neighbourhoods","5 Industrious communities",3986,14892,1.12773722627737,10030.454379562,48.4265734265734,94.71,0.73,0.91,"37483",2.7,6.1
"E01017565","8b Ageing suburbanites","8 Suburban living",4335,17412,1.28640776699029,8735.71197411003,47.36355226642,92.07,3.88,1.13,"40460.5",2.5,6.2
"E01031011","5b Aspiring urban households","5 Industrious communities",4045,15586,1.20939086294416,9468.02030456853,50.6130790190736,92.13,2.79,1.14,"36408",2.5,6.3
"E01027255","8c Comfortable suburbia","8 Suburban living",4309,16771,1.28888888888889,8818.54074074074,49.1983967935872,97.59,0.56,0.37,"39868",2.5,6.6
"E01020970","8c Comfortable suburbia","8 Suburban living",5127,16968,1.34396809571286,9875.64705882353,51.1199601791936,87.74,4.59,1.5,"50601.5",2.7,6.5
"E01012209","5c Comfortable neighbourhoods","5 Industrious communities",4015,17082,1.13313609467456,8508.42603550296,46.5434083601286,94.53,1.63,0.89,"33269",2.5,6.1
"E01016222","8c Comfortable suburbia","8 Suburban living",4663,16161,1.40556660039761,11690.0357852883,57.3835480673935,92.25,4.17,1.79,"77707",2.5,6.8
"E01018085","2a Ageing rural neighbourhoods","2 Countryside living",4482,16355,1.08559201141227,8239.06990014265,45.7943925233645,80.03,11.13,4.56,"29163",2.3,5.9
"E01016134","8c Comfortable suburbia","8 Suburban living",4539,15212,1.25285171102662,9574.36692015209,46.0526315789474,92.4,0.95,1.14,"38270",2.7,6.1
"E01016206","3c Highly qualified professionals","3 Ethnically diverse professionals",4935,17548,1.2516733601071,8950.20080321285,47.7623456790124,85.68,10.44,0.94,"53624",2.4,6.6
"E01032140","8a Affluent communities","8 Suburban living",4455,17245,1.19432624113475,8884.34326241135,49.685534591195,94.47,0.99,1.7,"44247",2.4,6.4
"E01025387","5b Aspiring urban households","5 Industrious communities",4628,20350,1.10578842315369,9164.79640718563,46.1538461538462,89.22,1.8,1.6,"27431",2.6,6.1
"E01016207","3a Achieving neighbourhoods","3 Ethnically diverse professionals",4779,16787,1.255859375,10116.935546875,48.2269503546099,87.5,7.81,1.17,"45146.5",2.8,6.1
"E01006372","8a Affluent communities","8 Suburban living",4734,21214,1.26969696969697,8836.97272727273,47.1544715447155,87.88,8.33,1.52,"48296",2.4,6.7
"E01021384","8c Comfortable suburbia","8 Suburban living",4729,15812,1.2792899408284,11486.4520710059,53.5779816513762,90.41,4.02,2.13,"47144",2.8,6.4
"E01016608","3c Highly qualified professionals","3 Ethnically diverse professionals",4485,17684,1.10148514851485,8487.18193069307,46.6027178257394,90.22,3.59,1.98,"48866.5",2.3,5.5
"E01025461","8c Comfortable suburbia","8 Suburban living",4504,15668,1.21166892808684,9019.81818181818,56.975138121547,90.09,4.07,0.68,"39813",2.6,6.3
"E01030595","3a Achieving neighbourhoods","3 Ethnically diverse professionals",4323,16303,1.20398009950249,8170.96351575456,45.5252918287938,90.55,3.98,1.33,"51848",2.5,6
"E01018621","8c Comfortable suburbia","8 Suburban living",3974,16059,1.26964285714286,8538.1875,53.5856573705179,92.14,1.25,0.71,"34772",2.4,5.8
"E01006381","8c Comfortable suburbia","8 Suburban living",4751,15022,1.21720733427363,9641.41466854725,61.3509749303621,91.68,6.06,0.14,"44327",2.7,6.4
"E01026359","8b Ageing suburbanites","8 Suburban living",4102,17155,1.26536731634183,9711.70164917541,49.6888888888889,93.85,1.65,0.9,"38903",2.4,6.7
"E01014422","8b Ageing suburbanites","8 Suburban living",3999,14733,1.21382636655949,8726.93729903537,51.5799256505576,89.23,2.73,3.7,"31820",2.4,6.1
"E01015464","8a Affluent communities","8 Suburban living",4830,20962,1.43759630200308,9221.343605547,48.8636363636364,92.76,1.54,0.31,"67228",2.4,7.1
"E01016175","3a Achieving neighbourhoods","3 Ethnically diverse professionals",4159,15602,1.21923620933522,9080.96746817539,44.4605358435916,89.96,4.24,0.42,"37750",2.6,6.2
"E01029074","2a Ageing rural neighbourhoods","2 Countryside living",4190,15350,1.37231968810916,9793.70175438597,28.960223307746,84.21,1.56,7.02,"37071.5",2.5,6.9
"E01029641","8b Ageing suburbanites","8 Suburban living",4172,16363,1.23795620437956,8990.70656934307,54.9433962264151,87.88,8.18,0.73,"34450.5",2.5,5.8
"E01023354","3a Achieving neighbourhoods","3 Ethnically diverse professionals",4369,18129,1.17221418234443,8240.44573082489,49.4820717131474,86.83,7.38,0.72,"52167.5",2.4,5.7
"E01023926","3b Asian traits","3 Ethnically diverse professionals",4825,17701,1.18378378378378,8674.17837837838,39.8337112622827,81.08,11.35,2.16,"57957",2.4,6
"E01016051","8c Comfortable suburbia","8 Suburban living",4680,15491,1.4222972972973,10930.9898648649,51.6637478108581,93.41,1.69,1.35,"49002",2.6,6.4
"E01030630","5c Comfortable neighbourhoods","5 Industrious communities",4241,16776,1.2066772655008,8127.00158982512,40.4761904761905,89.67,5.41,1.11,"42653",2.6,5.9
"E01032080","8c Comfortable suburbia","8 Suburban living",4250,15008,1.27876823338736,10343.6580226904,56.3758389261745,92.38,1.62,1.78,"58236.5",2.8,7.2
"E01020628","8b Ageing suburbanites","8 Suburban living",3923,20402,1.01785714285714,8469.59615384616,49.5443247721624,89.01,4.67,0.82,"37509",2.2,6.2
"E01028063","2c Remoter communities","2 Countryside living",4224,16539,1.31506849315068,10201.497260274,52.0408163265306,87.67,1.92,6.85,"39560",2.4,6.8
"E01025732","8c Comfortable suburbia","8 Suburban living",4330,15598,1.27649769585253,10449.5145929339,55.2276559865093,89.71,2.46,1.84,"43062",2.4,6.4
"E01008863","8b Ageing suburbanites","8 Suburban living",4871,21294,1.27804107424961,9793.89731437599,50.2340093603744,94.15,1.58,0.79,"39558",2.6,7.3
"E01020786","8b Ageing suburbanites","8 Suburban living",3894,16163,1.19431988041854,9448.71300448431,51.031746031746,92.68,0.45,2.39,"35686",2.4,5.9
"E01016208","3c Highly qualified professionals","3 Ethnically diverse professionals",4717,19295,1.08851674641148,8297.18660287082,49.5562130177515,73.21,20.33,2.63,"45682.5",2.2,5.6
"E01014172","8b Ageing suburbanites","8 Suburban living",4091,14954,1.17760617760618,9806.62741312741,52.1658986175115,94.21,2.51,0.19,"40708.5",2.7,6.5
"E01027141","8c Comfortable suburbia","8 Suburban living",5084,18662,1.51666666666667,11545.1537037037,55.9641255605381,90.56,3.89,1.11,"51198",2.7,7.3
"E01021626","8c Comfortable suburbia","8 Suburban living",5171,18456,1.1841155234657,8276.56859205776,38.3877159309021,87.91,6.5,1.08,"53910",2.6,6.7
"E01008797","8b Ageing suburbanites","8 Suburban living",3980,16532,1.12484993997599,8753.76470588235,46.8099861303745,93.64,2.88,1.08,"35157",2.4,6
"E01009416","8c Comfortable suburbia","8 Suburban living",4497,17591,1.22321428571429,9973.97123015873,57.752566180443,94.44,1.69,1.39,"46638.5",2.6,6.7
"E01017664","3a Achieving neighbourhoods","3 Ethnically diverse professionals",4481,14968,1.1244019138756,9866.26315789474,57.6,77.99,18.5,0.8,"60610",2.2,5.7
"E01030789","8a Affluent communities","8 Suburban living",5930,25911,1.7491103202847,13328.4786476868,48.9963503649635,92.88,2.49,0.89,"67794",2.6,8.2
"E01028650","3c Highly qualified professionals","3 Ethnically diverse professionals",4610,16323,1.18048780487805,8700.18658536585,41.1634756995582,83.54,11.34,1.22,"41008.5",2.4,6
"E01021761","3c Highly qualified professionals","3 Ethnically diverse professionals",4640,17139,1.17204301075269,8875.00134408602,38.0551301684533,87.37,4.17,3.23,"46027",2.4,5.7
"E01011550","8c Comfortable suburbia","8 Suburban living",4084,16452,1.10688405797101,8419.20289855072,53.8755980861244,91.12,1.27,0.36,"40579",2.5,5.8
"E01008319","8a Affluent communities","8 Suburban living",4304,17478,1.28175182481752,9147.50218978102,50.6075768406004,96.06,0.73,0.29,"55067",2.7,7.1
"E01016669","3b Asian traits","3 Ethnically diverse professionals",4124,16135,1.2076813655761,8940.40540540541,46.5764331210191,91.04,3.56,0.85,"44212",2.6,5.9
"E01023460","8c Comfortable suburbia","8 Suburban living",5235,19335,1.50912408759124,12277.8613138686,46.9310670443815,90.69,3.28,1.28,"57592.5",2.8,6.8
"E01022082","3a Achieving neighbourhoods","3 Ethnically diverse professionals",4412,16152,1.29685157421289,10228.5022488756,45.6505576208178,81.86,10.34,3.6,"39329",2.6,6
"E01016828","3a Achieving neighbourhoods","3 Ethnically diverse professionals",4486,15890,1.24863387978142,10146.6885245902,55.6521739130435,89.48,4.78,1.5,"56399",2.5,6.3
"E01006465","8c Comfortable suburbia","8 Suburban living",4225,15987,1.0488188976378,8364.69291338583,49.7611464968153,91.5,4.72,0.79,"39556",2.7,6.2
"E01027654","8a Affluent communities","8 Suburban living",5413,24003,1.2217659137577,9292.5318275154,42.8402366863905,88.71,2.05,1.44,"62909",2.4,7.2
"E01005939","8a Affluent communities","8 Suburban living",4195,19040,1.27732793522267,8651.37246963563,41.3127413127413,96.96,0.4,0.61,"35504.5",2.6,6.3
"E01005574","8c Comfortable suburbia","8 Suburban living",5284,22486,1.28235294117647,9852.10882352941,50.7462686567164,94.12,1.47,1.47,"46163",2.5,6.7
"E01022707","8a Affluent communities","8 Suburban living",4222,16072,1.44809461235217,11208.8002628121,53.0313588850174,94.09,1.45,0.53,"53085",2.6,6.9
"E01011812","8c Comfortable suburbia","8 Suburban living",4011,14678,1.15148514851485,9913.92376237624,59.1326530612245,92.57,4.06,0.69,"43890.5",2.6,6
"E01016186","2b Prospering countryside life","2 Countryside living",6440,21036,1.48563611491108,11608.4610123119,49.5475113122172,81.4,3.56,8.21,"60272",2.5,6.8
"E01029736","8a Affluent communities","8 Suburban living",4395,17236,1.18106312292359,8782.25747508306,51.8900343642612,88.21,7.97,1,"51835",2.5,7
"E01011535","8c Comfortable suburbia","8 Suburban living",4557,19018,1.16109422492401,8768.2811550152,54.1157294213529,90.73,1.67,0.61,"42837.5",2.5,6.5
"E01026408","2d Rural traits","2 Countryside living",3907,14816,1.09310344827586,8569.5275862069,47.2560975609756,84.31,4.66,5.17,"27950.5",2.2,6.2
"E01016571","3b Asian traits","3 Ethnically diverse professionals",4661,18779,1.43238434163701,10642.0782918149,45.929203539823,93.59,1.78,0.71,"54758",2.8,6.4
"E01025410","8b Ageing suburbanites","8 Suburban living",4344,15408,1.349609375,9996.775390625,54.975845410628,96.68,0.2,0.2,"48069",2.7,7
"E01020421","2a Ageing rural neighbourhoods","2 Countryside living",4211,16882,1.34782608695652,10055.3345935728,47.7707006369427,91.49,0,2.46,"43336.5",2.5,6.3
"E01017401","3a Achieving neighbourhoods","3 Ethnically diverse professionals",4779,15217,1.11302681992337,9259.15708812261,48.9051094890511,76.44,19.92,0.57,"53049",2.4,5.9
"E01024861","8b Ageing suburbanites","8 Suburban living",4058,15777,1.25471698113208,9023.11132075472,51.1811023622047,93.02,0.94,1.32,"38176.5",2.5,5.8
"E01006365","8c Comfortable suburbia","8 Suburban living",4267,16493,1.24390243902439,10137.6658536585,57.7306733167082,92.56,2.8,0.49,"45749",2.7,6.3
"E01030581","8c Comfortable suburbia","8 Suburban living",4682,15651,1.51521298174442,10278.3326572008,46.3465553235908,93.51,2.43,1.22,"60753",2.5,6.8
"E01027014","8c Comfortable suburbia","8 Suburban living",4472,14664,1.27784730913642,11933.0663329161,60.7235142118863,91.11,4.01,1,"54783",2.8,6.5
"E01021219","8b Ageing suburbanites","8 Suburban living",4120,15421,1.46788990825688,10772.8642201835,47.156862745098,94.68,2.02,0.92,"53088",2.5,6.6
"E01031315","3b Asian traits","3 Ethnically diverse professionals",4497,16964,1.21625,9745.90125,51.9414385741566,93.25,2.75,0.5,"45937",2.7,6.6
"E01010251","8c Comfortable suburbia","8 Suburban living",4899,19926,1.50290135396518,11426.5783365571,56.3484708063021,94.2,1.16,0.77,"51174",2.7,7.3
"E01023116","3b Asian traits","3 Ethnically diverse professionals",4085,16558,1.11278195488722,8726.91278195489,43.2167832167832,84.81,6.77,0.75,"43972",2.7,5.6
"E01025383","5b Aspiring urban households","5 Industrious communities",4152,16168,1.03340517241379,9024.99892241379,53.7383177570094,90.95,1.83,2.26,"30171",2.5,5.7
"E01021237","8a Affluent communities","8 Suburban living",6148,22772,1.41698841698842,9667.53861003861,35.1539225422046,89.77,7.53,0.58,"73831",2.7,7.6
"E01030347","3a Achieving neighbourhoods","3 Ethnically diverse professionals",4970,16075,1.19089574155653,8848.99559471366,44.3886097152429,89.43,4.99,1.17,"61432",2.4,6
"E01014310","8c Comfortable suburbia","8 Suburban living",4008,16721,1.25299600532623,10136.0452729694,56.3321799307959,93.48,1.07,1.07,"35399",2.7,6.3
"E01001027","3b Asian traits","3 Ethnically diverse professionals",5753,21009,1.43820224719101,9313.88576779026,40,92.32,1.69,1.12,"64444",2.9,6.6
"E01030536","3c Highly qualified professionals","3 Ethnically diverse professionals",4228,17899,1.19211195928753,8597.97837150127,38.4917517674784,91.98,3.18,0.89,"48879",2.2,5.8
"E01010105","7b Young ethnic communities","7 Multicultural living",4152,16908,1.03094777562863,8413.51450676983,36.0071301247772,76.6,11.8,3.09,"22864",2.9,5.5
"E01016774","3b Asian traits","3 Ethnically diverse professionals",5450,17729,1.17481481481481,8506.85185185185,41.6212003117693,86.52,7.11,1.78,"60180",2.6,6.7
"E01020226","8a Affluent communities","8 Suburban living",4876,18575,1.32196162046908,9167.75053304904,46.4739884393064,81.88,6.4,3.84,"41495",2.4,6.8
"E01006015","8c Comfortable suburbia","8 Suburban living",4373,16337,1.23352165725047,8235.197740113,54.9127640036731,94.16,1.32,0.38,"46792",2.7,6.1
"E01026301","2a Ageing rural neighbourhoods","2 Countryside living",3987,15345,1.08933717579251,8391.08069164265,41.0899653979239,89.34,4.32,1.44,"30783.5",2.2,6
"E01005468","8c Comfortable suburbia","8 Suburban living",4747,20544,1.18106312292359,8908.89368770764,54.1559554413025,89.87,3.82,1.83,"40784",2.5,6.5
"E01005508","8c Comfortable suburbia","8 Suburban living",4552,17977,1.20850480109739,9304.8134430727,55.0991501416431,93.28,0.55,2.74,"39712",2.6,6.3
"E01007383","8c Comfortable suburbia","8 Suburban living",4062,16276,1.17543859649123,9105.78557504873,55.8627264061011,95.91,1.17,1.17,"45017",2.7,6.6
"E01016627","3a Achieving neighbourhoods","3 Ethnically diverse professionals",4608,15969,1.41061452513967,10227.5251396648,50.0722543352601,90.78,3.49,0.84,"59952.5",2.6,6.4
"E01014888","8a Affluent communities","8 Suburban living",4067,15138,1.1747572815534,8674.82686084142,44.8680351906158,90.61,2.59,3.56,"42171",2.3,6.4
"E01023693","3a Achieving neighbourhoods","3 Ethnically diverse professionals",4216,16224,1.17590822179732,8817.46653919694,39.8936170212766,90.25,4.97,0.19,"53863.5",2.5,5.8
"E01011419","8b Ageing suburbanites","8 Suburban living",4160,15574,1.23185483870968,8938.51612903226,47.8991596638655,95.36,0.6,0.4,"46578",2.5,6.3
"E01023840","3c Highly qualified professionals","3 Ethnically diverse professionals",6150,24262,1.47321428571429,10565.9,27.7544154751892,80.54,3.75,10.89,"73147",2.5,6.8
"E01017859","3b Asian traits","3 Ethnically diverse professionals",4255,17988,1.40755467196819,10073.9602385686,47.1698113207547,93.24,1.59,1.19,"54130",2.8,6.1
"E01031000","3c Highly qualified professionals","3 Ethnically diverse professionals",5166,18468,1.22900763358779,8357.5893129771,42.882096069869,81.98,9.01,1.68,"59255",2.3,6
"E01013068","2a Ageing rural neighbourhoods","2 Countryside living",4417,20632,1.17301587301587,8628.37936507937,36.3817097415507,90.48,4.29,1.43,"36717",2.2,6.8
"E01012180","8b Ageing suburbanites","8 Suburban living",4340,14899,1.46982055464927,13250.0913539967,56.7386448250186,96.57,0.49,0.16,"44527",2.9,6.8
"E01023259","3c Highly qualified professionals","3 Ethnically diverse professionals",4626,17079,1.18083182640145,8959.60578661845,32.7883742052679,92.22,2.53,1.45,"39872",2.7,6.8
"E01014794","8b Ageing suburbanites","8 Suburban living",4167,17729,1.34630872483221,10050.1275167785,48.0833333333333,91.41,2.55,3.09,"40789",2.2,6.5
"E01020778","8b Ageing suburbanites","8 Suburban living",4028,17479,1.15068493150685,9479.37964774951,49.7403946002077,93.54,1.76,2.35,"32366",2.3,5.9
"E01030607","8a Affluent communities","8 Suburban living",5636,23780,1.53293413173653,10355.9146706587,45.3922315308454,93.56,2.54,1.35,"67051",2.6,6.8
"E01031475","2a Ageing rural neighbourhoods","2 Countryside living",5378,16731,1.40594059405941,10922.3821782178,44.6739130434783,72.48,4.55,14.85,"47125.5",2.4,6.8
"E01021606","5a Ageing urban communities","5 Industrious communities",5111,17552,1.35919055649241,11515.4688026981,45.5038759689923,91.57,4.05,0.17,"59927",2.8,7.1
"E01005407","8c Comfortable suburbia","8 Suburban living",5005,20791,1.22237569060773,9592.71685082873,51.3899323816679,90.88,2.76,1.93,"44198",2.4,6.3
"E01014774","2a Ageing rural neighbourhoods","2 Countryside living",4578,15007,1.335734870317,10284.3876080692,42.2664624808576,83.14,3.75,6.77,"32228.5",2.3,6
"E01004775","2a Ageing rural neighbourhoods","2 Countryside living",4784,20515,1.20032573289902,9167.8990228013,48.6830154405086,89.74,1.63,3.09,"39885.5",2.3,6.4
"E01020713","8a Affluent communities","8 Suburban living",4423,19600,1.14231738035264,8670.44584382871,39.9733510992672,91.18,4.41,1.39,"49016",2.6,7.1
"E01031645","8c Comfortable suburbia","8 Suburban living",4119,15825,1.27454545454545,9974.14181818182,47.8952291861553,94.36,0.91,0.55,"68275",2.6,6.5
"E01005789","8c Comfortable suburbia","8 Suburban living",4563,20509,1.18625954198473,8126.30687022901,48.0286738351255,90.69,5.34,0.61,"46739",2.4,6.3
"E01022958","8a Affluent communities","8 Suburban living",4657,16778,1.35889070146819,10069.0179445351,49.5734597156398,89.07,3.92,2.77,"44840",2.3,6.8
"E01021590","8c Comfortable suburbia","8 Suburban living",4643,15050,1.30442176870748,9076.58333333333,43.1175934366454,89.63,6.46,0.85,"50009.5",2.5,6.4
"E01021511","8c Comfortable suburbia","8 Suburban living",4784,17214,1.23452157598499,8135.39024390244,41.5478615071283,92.5,1.88,1.69,"38299",2.4,6.1
"E01021918","8c Comfortable suburbia","8 Suburban living",5034,15991,1.34154929577465,9241.06338028169,43.0117222723174,94.72,2.46,0.7,"56290",2.7,6.6
"E01023362","8a Affluent communities","8 Suburban living",5209,21715,1.29620253164557,8770.83037974684,33.9331619537275,93.29,3.04,1.27,"55055.5",2.2,6.7
"E01016493","3b Asian traits","3 Ethnically diverse professionals",4743,15363,1.2603305785124,9377.79338842975,54.8317046688382,79.13,14.05,2.27,"41899.5",2.5,5.2
"E01029460","5e Primary sector workers","5 Industrious communities",4195,15845,1.06234096692112,9120.45419847328,51.141924959217,76.46,14.76,3.05,"32630",2.2,6
"E01023483","3a Achieving neighbourhoods","3 Ethnically diverse professionals",4565,16759,1.19324324324324,9115.68648648649,48.2978723404255,87.43,7.57,0.68,"44860.5",2.7,5.7
"E01018403","8b Ageing suburbanites","8 Suburban living",4016,16490,1.24484848484848,8922.59757575758,49.3885869565218,91.76,1.7,1.82,"36222",2.4,6.2
"E01031758","8c Comfortable suburbia","8 Suburban living",4952,17092,1.52662721893491,10512.8067061144,42.6168224299065,95.86,1.18,0.2,"66800",2.7,6.8
"E01030822","2a Ageing rural neighbourhoods","2 Countryside living",6745,25833,1.62536873156342,11612.4749262537,44.3764345830145,74.34,3.39,14.31,"70390",2.6,7.2
"E01030925","8a Affluent communities","8 Suburban living",5248,20379,1.50262697022767,11012.3887915937,42.653606411398,91.94,1.23,2.28,"76323.5",2.7,7.1
"E01030922","3a Achieving neighbourhoods","3 Ethnically diverse professionals",4037,15268,1.18518518518519,8611.03381642512,40,89.53,5.8,0.32,"50468",2.3,5.6
"E01023510","3c Highly qualified professionals","3 Ethnically diverse professionals",4839,18410,1.24462809917355,9252.25950413223,43.5921421889617,79.17,13.72,1.65,"56941",2.4,6
"E01016230","3c Highly qualified professionals","3 Ethnically diverse professionals",4931,16248,1.15468409586057,9227.29629629629,28.9689034369885,78.21,16.34,1.96,"58841",2.3,6.1
"E01006917","8b Ageing suburbanites","8 Suburban living",4279,17918,1.22700296735905,8929.99851632048,55.2074513124471,95.99,0.74,0.45,"37842",2.5,6.4
"E01021929","8c Comfortable suburbia","8 Suburban living",4904,16382,1.3972366148532,9911.3816925734,50,92.57,4.15,0.17,"50929",2.8,6.5
"E01023451","3a Achieving neighbourhoods","3 Ethnically diverse professionals",4441,17239,1.19483315392896,9080.6512378902,42.6981008513425,87.08,6.03,1.4,"51757",2.3,5.8
"E01027959","8b Ageing suburbanites","8 Suburban living",4584,17988,1.3415559772296,10449.0588235294,60.6791778373548,94.5,1.14,0.19,"45661",2.8,6.7
"E01012297","8c Comfortable suburbia","8 Suburban living",4240,16676,1.39468302658487,11530.2208588957,57.8843302026693,93.76,0.82,0.72,"45181.5",2.7,6.8
"E01022118","3a Achieving neighbourhoods","3 Ethnically diverse professionals",4169,15625,1.12412587412587,8180.1993006993,41.5055951169888,89.51,6.47,0.52,"49412",2.5,6.3
"E01021078","8a Affluent communities","8 Suburban living",4405,19344,1.27173913043478,8131.55797101449,37.9690949227373,90.58,3.44,1.45,"44826.5",2.3,7
"E01031318","8c Comfortable suburbia","8 Suburban living",4040,16219,1.2629246676514,11123.4401772526,59.6612779060816,91.43,2.66,1.92,"62266.5",2.8,6.9
"E01016190","3a Achieving neighbourhoods","3 Ethnically diverse professionals",4657,17259,1.21018062397373,9120.05254515599,45.5307262569832,93.1,1.81,1.15,"40577",2.5,6.3
"E01016191","3d Households in terraces and flats","3 Ethnically diverse professionals",4147,14887,1.16589861751152,8275.70967741935,48.9832007073386,94.78,2.15,0.46,"31754",2.5,5.9
"E01005716","8c Comfortable suburbia","8 Suburban living",4680,17202,1.29790419161677,9792.57335329341,55.2923760177646,93.86,3.14,0.45,"45045",2.6,6.8
"E01019592","8a Affluent communities","8 Suburban living",4914,23385,1.26461988304094,8702.06578947369,46.9103568320279,89.33,5.85,1.17,"42298.5",2.4,7
"E01031767","2a Ageing rural neighbourhoods","2 Countryside living",5107,15720,1.40595903165736,10675.7094972067,36.7592592592593,75.98,2.42,15.64,"42720",2.6,6.1
"E01015797","8c Comfortable suburbia","8 Suburban living",4206,16893,1.23122529644269,9124.06916996047,48.9164086687307,94.47,1.38,1.58,"35602",2.6,6.1
"E01002461","3b Asian traits","3 Ethnically diverse professionals",6819,25103,1.50387596899225,10788.9786821705,41.1162790697674,92.44,2.33,1.36,"69705",2.8,7.3
"E01032139","8a Affluent communities","8 Suburban living",4768,19659,1.28700906344411,10091.1132930514,52.014652014652,91.69,3.02,0.91,"50162",2.5,6.8
"E01029385","8b Ageing suburbanites","8 Suburban living",3972,15557,1.20394736842105,8733.25,51.6835016835017,92.27,2.63,1.64,"32517",2.4,5.6
"E01016816","3b Asian traits","3 Ethnically diverse professionals",4343,16194,1.32778702163062,10369.7104825291,46.2566844919786,91.01,4.83,0.67,"47007",2.5,6.5
"E01025615","8c Comfortable suburbia","8 Suburban living",4713,17431,1.44883303411131,11432.2387791741,60.121107266436,93,1.26,1.8,"50482",2.9,7.2
"E01023814","3c Highly qualified professionals","3 Ethnically diverse professionals",5156,20900,1.23,8319.346,39.3323657474601,89.4,4.4,2,"50075.5",2.2,6.3
"E01018699","5b Aspiring urban households","5 Industrious communities",4062,15571,1.11026033690659,9092.04594180704,52.7210884353742,94.18,0.46,0.92,"37019",2.5,5.9
"E01018737","8b Ageing suburbanites","8 Suburban living",4284,16500,1.34269662921348,11548.5149812734,59.6695821185617,94.19,0.37,1.69,"41961",2.5,6.5
"E01023826","3b Asian traits","3 Ethnically diverse professionals",4861,19131,1.26325411334552,8673.54844606947,41.3108242303873,80.26,14.44,1.46,"58516",2.7,6.1
"E01020612","8b Ageing suburbanites","8 Suburban living",4158,19876,1.25366568914956,9139.97214076246,45.7429048414023,94.87,1.32,0.73,"36089.5",2.4,6.5
"E01022193","8a Affluent communities","8 Suburban living",4259,16800,1.31654676258993,9971.63788968825,42.985842985843,89.69,3.6,2.64,"47301",2.5,6.8
"E01021599","3a Achieving neighbourhoods","3 Ethnically diverse professionals",4593,16567,1.19917582417582,8700.7760989011,36.783320923306,89.84,6.59,0.82,"48835.5",2.5,6.3
"E01008443","8b Ageing suburbanites","8 Suburban living",3988,16275,1.07894736842105,8168.0740131579,52.4170616113744,90.62,5.59,0.82,"36629",2.4,6
"E01017922","3d Households in terraces and flats","3 Ethnically diverse professionals",4618,16529,1.1301775147929,8979.39792899408,45.6840390879479,68.79,21.6,1.63,"34524",2.4,5.3
"E01017821","3b Asian traits","3 Ethnically diverse professionals",8376,32058,1.68805704099822,12055.9073083779,34.2512908777969,91.98,1.6,1.96,"75110",2.7,8.4
"E01019825","8b Ageing suburbanites","8 Suburban living",4111,15982,1.17367458866545,8990.36014625229,53.307392996109,92.14,1.28,4.02,"37505",2.5,6.1
"E01016634","8a Affluent communities","8 Suburban living",5036,17928,1.34488448844885,9889.61551155116,46.6286799620133,91.75,2.15,2.48,"58297",2.4,6.6
"E01016632","8c Comfortable suburbia","8 Suburban living",4514,16100,1.46938775510204,10976.6105442177,50.1298701298701,96.26,1.02,0.17,"66656.5",2.6,6.7
"E01023834","3b Asian traits","3 Ethnically diverse professionals",4791,16474,1.33158813263525,10244.6335078534,52.2530329289428,89.53,7.5,0.7,"47076.5",2.7,5.9
"E01030437","3c Highly qualified professionals","3 Ethnically diverse professionals",4775,20648,1.49279538904899,10762.3443804035,38.0722891566265,90.2,4.9,0.86,"59426.5",2.5,6.7
"E01027549","8c Comfortable suburbia","8 Suburban living",4133,15097,1.21501706484642,11229.4112627986,54.9712407559573,94.88,1.02,1.19,"40400.5",2.7,6.4
"E01018507","8b Ageing suburbanites","8 Suburban living",4530,17680,1.37030411449016,9411.49373881932,46.9669117647059,95.71,2.33,0,"39656",2.5,7
"E01018583","3a Achieving neighbourhoods","3 Ethnically diverse professionals",4116,17149,1.15889029003783,8817.91424968474,56.4492753623189,95.21,1.01,1.01,"43348",2.3,6.1
"E01023473","8a Affluent communities","8 Suburban living",4295,17630,1.26588628762542,8941.84615384616,38.6454183266932,91.64,3.18,2.01,"56457",2.4,6.4
"E01017802","3a Achieving neighbourhoods","3 Ethnically diverse professionals",4409,17335,1.1969465648855,8954.9786259542,43.7098255280073,89.31,5.95,1.68,"33719",2.4,5.9
"E01017740","3a Achieving neighbourhoods","3 Ethnically diverse professionals",4132,14726,1.16729323308271,9386.82518796993,42.3037716615698,90.98,2.26,1.69,"54459",2.5,5.6
"E01028951","8a Affluent communities","8 Suburban living",4042,17067,1.12166172106825,8204.91394658754,44.2234848484849,87.39,7.27,1.34,"36487",2.3,6.5
"E01029741","8c Comfortable suburbia","8 Suburban living",4509,15660,1.18459302325581,10521.1686046512,60.7284243863816,85.17,10.03,0.87,"46070",2.5,6.4
"E01008850","8c Comfortable suburbia","8 Suburban living",4342,16282,1.216,9562.584,54.1853512705531,92.48,2.08,1.92,"40985",2.8,6.4
"E01009973","7b Young ethnic communities","7 Multicultural living",4036,15421,1.2431011826544,10130.3429697766,46.0504201680672,88.96,2.63,2.1,"34757",3.2,6.2
"E01016475","7b Young ethnic communities","7 Multicultural living",3972,15444,1.13344051446945,9332.91639871383,37.6510067114094,86.5,6.11,1.93,"29235",3.3,5
"E01030731","8c Comfortable suburbia","8 Suburban living",4400,16531,1.27379400260756,8296.84876140808,48.9872468117029,93.61,2.35,0.78,"52344.5",2.4,5.7
"E01012232","8c Comfortable suburbia","8 Suburban living",3960,14893,1.24403669724771,11084.5541284404,63.9019792648445,95.78,0.55,0.18,"42698",2.6,6.5
"E01024464","8a Affluent communities","8 Suburban living",7368,27698,1.57538994800693,10300.0987868284,25.4658385093168,90.47,2.77,1.91,"84547",2.8,8.5
"E01021794","5c Comfortable neighbourhoods","5 Industrious communities",4770,17275,1.34504132231405,9619.43801652893,46.3297232250301,87.81,3.31,5.17,"36424.5",2.4,5.7
"E01018700","8c Comfortable suburbia","8 Suburban living",4961,17340,1.2365308804205,11031.2864651774,62.3529411764706,87.65,8.8,0.79,"61681",2.7,7
"E01016238","5a Ageing urban communities","5 Industrious communities",4714,17203,1.22153209109731,9099.56521739131,46.1629279811098,87.37,6.83,1.66,"39379",2.4,6.3
"E01029391","8b Ageing suburbanites","8 Suburban living",4170,16141,1.13670133729569,8185.89450222883,53.9545810493344,91.08,4.01,0.89,"32603",2.5,6
"E01027401","8b Ageing suburbanites","8 Suburban living",4522,17393,1.36296296296296,10851.887037037,59.5667870036101,96.85,0.56,0.56,"43361",2.8,7.2
"E01025917","5b Aspiring urban households","5 Industrious communities",3954,15171,1.1135831381733,9291.69672131147,50.2986065029861,80.56,11.12,3.4,"37528",2.4,5.8
"E01006062","8c Comfortable suburbia","8 Suburban living",4391,17363,1.22386223862239,9118.83271832718,56.8281938325991,93.73,1.72,0.98,"39293",2.6,5.9
"E01028594","3c Highly qualified professionals","3 Ethnically diverse professionals",4621,19768,1.16944024205749,8848.89561270802,31.4210061782877,89.41,4.84,0.91,"53189",2.3,6.7
"E01023553","3c Highly qualified professionals","3 Ethnically diverse professionals",5032,18277,1.17979452054795,8544.33561643836,39.1686650679456,86.47,8.56,1.03,"63109",2.6,5.8
"E01023552","3b Asian traits","3 Ethnically diverse professionals",4229,14965,1.26878130217028,8756.96994991653,46.4869281045752,93.66,2.34,1.34,"48903",2.8,5.6
"E01022573","3a Achieving neighbourhoods","3 Ethnically diverse professionals",4463,15386,1.15666041275797,9186.73639774859,48.2403898213319,77.11,15.76,1.59,"42246",2.3,5.8
"E01002270","3b Asian traits","3 Ethnically diverse professionals",7658,29916,1.36435331230284,8296.65772870663,37.2756933115824,81.86,11.83,2.21,"62524.5",2.6,7.1
"E01021167","3a Achieving neighbourhoods","3 Ethnically diverse professionals",4261,16878,1.17248677248677,8654.87619047619,38.6912325285896,81.16,6.67,3.39,"38761",2.3,5.9
"E01017374","8c Comfortable suburbia","8 Suburban living",4727,16190,1.27050610820244,10592.202443281,46.9724770642202,86.04,4.71,5.24,"58734",2.5,6.4
"E01013064","8a Affluent communities","8 Suburban living",4034,15293,1.26996197718631,11203.8593155894,56.8052930056711,94.11,1.52,0.57,"60791",2.7,6.8
"E01022504","3a Achieving neighbourhoods","3 Ethnically diverse professionals",4155,17370,1.23172628304821,8913.72161741835,44.2201834862385,92.53,2.18,1.56,"48162",2.3,6.4
"E01031225","8a Affluent communities","8 Suburban living",4379,17960,1.09463276836158,8269.77683615819,40.8181026979983,88.56,7.49,0.71,"50885",2.2,6.5
"E01031227","2a Ageing rural neighbourhoods","2 Countryside living",4439,18140,1.11725663716814,8653.32743362832,46.7789165446559,85.84,4.65,3.43,"37180.5",2.2,6.1
"E01030979","3a Achieving neighbourhoods","3 Ethnically diverse professionals",4787,15580,1.17427884615385,9406.95192307692,50.3555268261151,74.76,19.35,1.08,"53662",2.6,5.4
"E01030978","3b Asian traits","3 Ethnically diverse professionals",4714,17411,1.45686274509804,10837.3647058824,44.3714821763602,92.35,2.75,1.37,"64253",2.9,6.6
"E01014146","5a Ageing urban communities","5 Industrious communities",3954,14716,1.19201030927835,10452.9884020619,55.757970071568,82.73,3.48,4.9,"33322",2.7,6.2
"E01018064","5b Aspiring urban households","5 Industrious communities",4448,15148,1.16387559808612,9274.55861244019,52.7335640138408,86.12,8.85,1.91,"32976",2.4,6.1
"E01016245","3a Achieving neighbourhoods","3 Ethnically diverse professionals",4530,15442,1.39032620922385,11454.8548931384,60.0346020761246,95.5,1.46,0.45,"79218.5",2.7,6.7
"E01027344","3b Asian traits","3 Ethnically diverse professionals",4022,18045,1.18471337579618,8620.37420382166,51.2893982808023,90.92,3.34,1.75,"37996.5",2.2,6.1
"E01024462","3c Highly qualified professionals","3 Ethnically diverse professionals",5193,23861,1.26858877086495,8787.6191198786,23.6003445305771,90.14,2.28,3.79,"52360",2.5,7
"E01025362","2d Rural traits","2 Countryside living",4466,18190,1.0985401459854,9445.06690997567,59.7653554175293,87.71,5.6,2.31,"29799",2.4,6
"E01021356","2a Ageing rural neighbourhoods","2 Countryside living",4565,17506,1.27339449541284,9522.92660550459,47.796278158668,84.59,5.5,4.4,"36716.5",2.5,6.6
"E01016603","3c Highly qualified professionals","3 Ethnically diverse professionals",6249,24592,1.32258064516129,9789.11559139785,39.9010717230008,86.16,8.6,1.08,"63481.5",2.3,6.9
"E01031232","3c Highly qualified professionals","3 Ethnically diverse professionals",4075,15297,1.09466263846929,8321.93655589124,37.8160301237224,88.52,7.35,1.31,"45956",2.3,6.2
"E01023200","8a Affluent communities","8 Suburban living",4666,15365,1.5066889632107,12338.3779264214,56.5026362038664,83.11,7.02,5.69,"56252",2.5,6.4
"E01012005","8c Comfortable suburbia","8 Suburban living",4209,15821,1.32775453277545,11038.9191073919,60.5795148247978,95.12,0.7,0.98,"43912",2.8,7.1
"E01016148","8c Comfortable suburbia","8 Suburban living",4388,15957,1.30095759233926,10092.6538987688,49.931129476584,91.24,2.74,1.92,"44940",2.7,6.4
"E01008357","8a Affluent communities","8 Suburban living",4458,21329,1.14949201741655,8160.20319303338,43.1239388794567,88.68,8.56,0.29,"44779.5",2.4,6.7
"E01017607","8a Affluent communities","8 Suburban living",5549,21830,1.52662721893491,11562.5956607495,39.4658753709199,95.27,0.99,0.79,"64604",2.6,7.6
"E01017606","8b Ageing suburbanites","8 Suburban living",5014,18365,1.47049689440994,10573.3322981366,47.8494623655914,94.1,1.71,1.09,"41291",2.4,6.8
"E01013042","8b Ageing suburbanites","8 Suburban living",3912,15907,1.19236641221374,9287.61679389313,52.9166666666667,96.03,0.92,0.46,"52976",2.6,6.6
"E01017819","8a Affluent communities","8 Suburban living",7844,33548,1.67934782608696,12002.7898550725,33.3024976873266,90.58,3.62,1.09,"109417.5",2.9,9.1
"E01019751","8c Comfortable suburbia","8 Suburban living",4092,16862,1.1044267877412,8869.32690124858,49.3506493506494,92.05,1.7,0.45,"48898",2.5,6.2
"E01006829","8a Affluent communities","8 Suburban living",4702,18218,1.22586872586873,8605.16988416988,52.0307354555434,86.87,8.69,0.77,"38881",2.3,6.4
"E01010155","8a Affluent communities","8 Suburban living",4404,18744,1.36570561456753,9704.34142640364,48.075117370892,93.78,2.43,0.61,"46538",2.4,6.5
"E01028397","3a Achieving neighbourhoods","3 Ethnically diverse professionals",4203,21190,1.14224137931034,8736.13793103448,44.7808764940239,93.97,2.01,0.43,"55448",2.5,6.7
"E01031823","8a Affluent communities","8 Suburban living",5786,22164,1.5609756097561,10207.7542213884,50.8910891089109,91.74,2.63,1.31,"59745",2.7,7.3
"E01020850","8c Comfortable suburbia","8 Suburban living",4287,16840,1.34763948497854,12182.2689556509,60.8991825613079,95.99,0.72,0.86,"45174",2.8,7.2
"E01032253","8c Comfortable suburbia","8 Suburban living",4339,15389,1.36764705882353,10703.9495798319,50.3018108651911,95.8,0.63,0.42,"37165",2.7,6.4
"E01029848","8b Ageing suburbanites","8 Suburban living",4000,14669,1.11844660194175,8389.16504854369,48.7726787620064,88.35,6.21,1.36,"33887.5",2.4,5.8
"E01016776","3b Asian traits","3 Ethnically diverse professionals",4349,14751,1.34508348794063,10923.2003710575,50.8268059181897,95.92,1.48,0.74,"44645",2.7,6.3
"E01023685","3a Achieving neighbourhoods","3 Ethnically diverse professionals",4139,15537,1.17364341085271,8927.8,39.502999143102,94.42,1.4,0.93,"61333",2.6,5.8
"E01022872","3a Achieving neighbourhoods","3 Ethnically diverse professionals",4444,16939,1.27450980392157,9623.06022408963,50.3980891719745,89.36,6.3,0.98,"48279",2.5,6.2
"E01022873","8a Affluent communities","8 Suburban living",5170,24584,1.73824451410658,12749.4686520376,42.654028436019,92.32,1.57,2.82,"75407",2.6,8
"E01031300","8a Affluent communities","8 Suburban living",4596,17888,1.29802259887006,9847.67655367232,54.9642573471009,93.08,2.26,0.28,"54739",2.4,6.6
"E01024971","2a Ageing rural neighbourhoods","2 Countryside living",4618,17903,1.18371212121212,9245.35416666667,49.8949579831933,89.39,3.98,2.46,"39280",2.3,6.4
"E01022972","8b Ageing suburbanites","8 Suburban living",4332,16419,1.36377708978328,9829.7693498452,53.299057412168,93.65,1.55,1.24,"46069",2.4,6.6
"E01031890","2b Prospering countryside life","2 Countryside living",4522,17473,1.28503184713376,9920.99681528662,45.9485224022879,79.3,3.82,8.92,"40031.5",2.4,6.3
"E01023878","3b Asian traits","3 Ethnically diverse professionals",5067,22232,1.38219895287958,9443.6112565445,39.6131805157593,85.34,10.99,0.39,"65442",2.5,6.6
"E01010504","3b Asian traits","3 Ethnically diverse professionals",4656,22311,1.27659574468085,8119.40618955513,39.0593047034765,88.78,3.48,3.48,"39498",2.4,6.6
"E01016780","3b Asian traits","3 Ethnically diverse professionals",3997,14739,1.17665130568356,9676.75883256529,53.6243180046765,94.32,0.77,0.61,"47634",2.7,5.9
"E01023565","3b Asian traits","3 Ethnically diverse professionals",7053,24515,1.29307568438003,8243.86312399356,34.2454394693201,80.03,15.62,0.97,"67726",2.7,6.5
"E01009433","8a Affluent communities","8 Suburban living",4211,17603,1.20241286863271,8876.42627345844,47.626582278481,95.71,1.07,0.8,"45428",2.4,6.8
"E01018491","8b Ageing suburbanites","8 Suburban living",4313,17158,1.2544,8914.0272,52.1616541353384,92.8,1.76,0.8,"37253",2.3,6.8
"E01006139","3a Achieving neighbourhoods","3 Ethnically diverse professionals",4827,19055,1.07193229901269,8243.82510578279,52.0851063829787,77.15,19.18,0,"45199.5",2.4,5.9
"E01014203","8b Ageing suburbanites","8 Suburban living",4379,15959,1.2378640776699,9937.15210355987,54.5454545454545,87.22,1.46,7.12,"33451.5",2.5,6.7
"E01030720","5a Ageing urban communities","5 Industrious communities",4043,15842,1.26677067082683,8137.60374414977,44.9908925318761,93.92,1.87,1.25,"42709.5",2.3,5.6
"E01012393","8b Ageing suburbanites","8 Suburban living",4445,18778,1.18034682080925,8642.61734104046,56.2374916611074,89.6,6.24,0.35,"35953.5",2.3,6.4
"E01024316","3b Asian traits","3 Ethnically diverse professionals",4447,17712,1.33089311859444,10028.0834553441,49.6932515337423,94.14,1.02,0.88,"52916.5",2.7,6
"E01031695","8a Affluent communities","8 Suburban living",4637,17825,1.3929203539823,9985.30796460177,44.9448529411765,87.96,2.48,3.89,"57295",2.6,6.2
"E01024353","8a Affluent communities","8 Suburban living",4544,16632,1.31944444444444,9335.08055555556,48.1508875739645,90.56,4.58,0.56,"45097",2.5,6.3
"E01031259","8c Comfortable suburbia","8 Suburban living",4538,16113,1.29862475442043,10879.8703339882,57.4509803921569,94.89,1.96,0.98,"49200",2.7,6.8
"E01023799","3a Achieving neighbourhoods","3 Ethnically diverse professionals",5407,19669,1.43253968253968,10671.7440476191,45.3686200378072,89.68,6.15,0.99,"51992",2.7,7
"E01030660","3a Achieving neighbourhoods","3 Ethnically diverse professionals",4442,15934,1.36295369211514,9599.37046307885,57.3298429319372,88.11,6.01,0.5,"56369",2.6,5.7
"E01030661","8a Affluent communities","8 Suburban living",4896,18938,1.37369207772795,9122.56502242152,49.1568296795953,91.48,2.99,1.79,"51445.5",2.4,6
"E01015399","8a Affluent communities","8 Suburban living",4842,20021,1.31847133757962,8423.25955414013,42.7710843373494,87.74,7.17,0.48,"45098",2.3,6.8
"E01021366","8c Comfortable suburbia","8 Suburban living",4191,16630,1.30653266331658,9620.49748743719,43.4027777777778,92.13,1.84,2.51,"40920",2.6,6.5
"E01016052","8a Affluent communities","8 Suburban living",4847,19101,1.38888888888889,9716.05401234568,44.2122186495177,95.22,0.31,0.46,"43944",2.6,7
"E01016054","8c Comfortable suburbia","8 Suburban living",4451,16171,1.41107382550336,10348.4127516779,52.1739130434783,95.47,1.34,1.01,"45855.5",2.5,6.3
"E01025126","3a Achieving neighbourhoods","3 Ethnically diverse professionals",3892,15199,1.0786369593709,8655.40760157274,43.0686406460296,91.22,4.72,1.05,"40990",2.5,5.9
"E01008862","8c Comfortable suburbia","8 Suburban living",4175,16629,1.31040564373898,9988.95238095238,53.568429890848,96.65,0.71,0.71,"41801",2.5,6.7
"E01004884","8a Affluent communities","8 Suburban living",4780,22200,1.23503649635037,9152.08175182482,48.4929078014184,88.03,6.86,2.48,"36747",2.1,6.1
"E01018172","5a Ageing urban communities","5 Industrious communities",4161,14651,1.088,8241.1408,44.7715736040609,77.28,18.4,0.96,"33919",2.2,5.7
"E01027458","8b Ageing suburbanites","8 Suburban living",4248,20071,1.15596330275229,9033.60703363914,47.4414570685169,95.72,1.07,0.61,"41677.5",2.4,6.8
"E01016658","8c Comfortable suburbia","8 Suburban living",4554,14680,1.3099173553719,10696.1115702479,60.2602602602603,91.12,6.82,0.21,"71778",2.8,6.6
"E01025758","8c Comfortable suburbia","8 Suburban living",4282,18114,1.27803379416283,9832.04301075269,55.2995391705069,90.78,3.07,1.69,"45363.5",2.7,6.3
"E01025416","8b Ageing suburbanites","8 Suburban living",4438,15025,1.12786885245902,8521.03770491803,52.3605150214592,93.28,1.8,1.64,"37481.5",2.5,6.2
"E01009435","8c Comfortable suburbia","8 Suburban living",4065,16218,1.24472573839662,9574.99578059072,58.9985486211901,93.25,2.39,0.42,"49590.5",2.6,6.4
"E01004780","8c Comfortable suburbia","8 Suburban living",3888,14975,1.09070034443169,8678.26636050517,56.9509738079248,90.59,3.44,2.3,"33244.5",2.3,5.8
"E01017841","3b Asian traits","3 Ethnically diverse professionals",5265,24409,1.56177606177606,12497.6698841699,51.2126865671642,89.58,2.51,3.28,"69946",2.7,7.4
"E01027410","8b Ageing suburbanites","8 Suburban living",4256,18226,1.19398496240602,9168.68421052632,44.515612489992,93.98,2.41,0.45,"38604",2.4,6.7
"E01018616","8a Affluent communities","8 Suburban living",4662,18774,1.20472440944882,8201.59842519685,45.6842105263158,90.75,3.94,0.98,"46136",2.4,6.7
"E01023060","2b Prospering countryside life","2 Countryside living",4260,15644,1.35932203389831,9405,44.43359375,90.68,1.86,1.36,"41189",2.4,6.1
"E01009431","8a Affluent communities","8 Suburban living",4628,20028,1.23404255319149,8359.41898527005,42.9759704251386,91.82,4.91,0.49,"44781.5",2.6,6.8
"E01030402","3c Highly qualified professionals","3 Ethnically diverse professionals",4249,16504,1.16839916839917,8124.64864864865,37.6077586206897,93.56,2.08,0.83,"49863",2.7,5.9
"E01014447","5a Ageing urban communities","5 Industrious communities",4903,15448,1.30260521042084,8782.18036072144,50.5091649694501,80.36,3.61,11.82,"41723.5",2.6,6.4
"E01029714","8c Comfortable suburbia","8 Suburban living",3948,15299,1.22565687789799,9449.25502318392,56.0642570281125,93.35,1.7,0.77,"39122",2.5,6.7
"E01028624","5a Ageing urban communities","5 Industrious communities",4012,14747,1.17657342657343,8190.87412587413,46.259842519685,86.89,8.39,1.22,"36927",2.4,5.9
"E01030944","8a Affluent communities","8 Suburban living",6809,21932,1.58148893360161,12057.2937625755,44.7316103379722,85.11,2.62,4.63,"86594",2.8,7.6
"E01023888","3b Asian traits","3 Ethnically diverse professionals",5590,25713,1.20689655172414,8678.68448275862,32.2862129144852,82.41,11.72,1.9,"55476",2.7,6.5
"E01021383","8c Comfortable suburbia","8 Suburban living",5357,18816,1.36657303370787,12029.2752808989,49.095966620306,85.11,1.83,9.69,"64631",3,7.1
"E01021857","3a Achieving neighbourhoods","3 Ethnically diverse professionals",4408,15189,1.08793264733396,8756.0196445276,50.9350935093509,79.33,10.85,4.96,"42893",2.3,5.4
"E01023442","3d Households in terraces and flats","3 Ethnically diverse professionals",5052,18927,1.14411027568922,8989.42606516291,41.2573673870334,77.57,17.42,1,"46648",2.6,6
"E01018171","8c Comfortable suburbia","8 Suburban living",4064,16037,1.28839590443686,10286.9641638225,50.3533568904594,93.86,2.56,1.37,"40544.5",2.5,6.4
"E01016524","3c Highly qualified professionals","3 Ethnically diverse professionals",5933,23414,1.24652777777778,9384.87384259259,46.5696465696466,84.03,9.03,3.24,"60588",2.3,6.4
"E01022950","8b Ageing suburbanites","8 Suburban living",4484,15072,1.28253424657534,8902.91780821918,50.7834101382489,93.49,2.57,0.68,"35771",2.5,6.1
"E01023291","8a Affluent communities","8 Suburban living",5438,20519,1.25816993464052,8758.96895424837,37.4113475177305,91.67,3.76,0.49,"63457.5",2.5,6.4
"E01029764","5b Aspiring urban households","5 Industrious communities",4245,14848,1.12288786482335,9101.41321044547,61.9496855345912,91.86,2.61,2.61,"42237",2.8,6.1
"E01024949","5b Aspiring urban households","5 Industrious communities",4485,14999,0.990963855421687,9139.12048192771,63.0522088353414,77.71,15.36,2.31,"33919",2.3,5.4
"E01022853","8c Comfortable suburbia","8 Suburban living",4733,16396,1.33910533910534,10181.4646464646,52.1739130434783,90.62,2.89,1.88,"55130",2.5,6
"E01005493","8c Comfortable suburbia","8 Suburban living",4608,17689,1.13004484304933,8393.26606875934,52.9838709677419,90.88,5.38,0.3,"41135",2.4,6.2
"E01029318","2a Ageing rural neighbourhoods","2 Countryside living",5004,16769,1.40128410914928,9593.65489566613,47.3394495412844,78.01,4.82,10.75,"36064.5",2.4,6.9
"E01030801","3a Achieving neighbourhoods","3 Ethnically diverse professionals",4173,17504,1.09247648902821,9349.27742946708,48.8026424442609,82.13,11.29,1.41,"42534",2.5,5.8
"E01030800","3c Highly qualified professionals","3 Ethnically diverse professionals",4454,18197,1.11874105865522,8273.9556509299,45.8008658008658,79.26,13.3,2.58,"39191",2.3,6.3
"E01031739","8a Affluent communities","8 Suburban living",4344,17016,1.23756906077348,8599.61187845304,43.8210765731615,91.85,2.35,0.41,"51423.5",2.4,5.8
"E01024860","2d Rural traits","2 Countryside living",4851,17269,1.13799621928166,8506.8393194707,54.4252288911495,76.75,3.4,12.48,"38036",2.3,6
"E01006277","8c Comfortable suburbia","8 Suburban living",4476,15210,1.23885350318471,9655.9347133758,62.7169811320755,95.22,0.48,1.11,"55504.5",2.9,6.5
"E01010390","8c Comfortable suburbia","8 Suburban living",4050,15079,1.12871287128713,8123.09618104668,52.8831562974203,89.11,5.66,0.85,"32327.5",2.4,5.7
"E01024341","8a Affluent communities","8 Suburban living",4568,17313,1.23065902578797,8717.46991404012,40.8566721581549,90.54,6.45,0.14,"42352",2.3,6.1
"E01017373","2b Prospering countryside life","2 Countryside living",4547,16537,1.44464285714286,11804.0910714286,50.4265402843602,84.46,2.14,6.79,"50501",2.7,6.7
"E01017624","3a Achieving neighbourhoods","3 Ethnically diverse professionals",4607,15968,1.21300138312586,9304.38450899032,52.140350877193,82.85,12.17,0.97,"38894",2.6,5.7
"E01027260","8a Affluent communities","8 Suburban living",5007,20313,1.46575342465753,10559.5376712329,46.9426152398871,93.49,2.4,0.51,"48124.5",2.4,7.5
"E01028457","8c Comfortable suburbia","8 Suburban living",4400,14687,1.33598409542744,10574.5188866799,48.0519480519481,89.66,1.79,5.77,"40612.5",2.8,6.1
"E01023003","5c Comfortable neighbourhoods","5 Industrious communities",3893,16428,1.26444159178434,9099.7676508344,44.5742904841402,91.01,3.34,2.44,"35850",2.2,6.3
"E01025799","8c Comfortable suburbia","8 Suburban living",4490,15410,1.28977272727273,11631.8338068182,57.1529245947851,96.16,1.42,0.28,"62725",3,7.2
"E01025731","8b Ageing suburbanites","8 Suburban living",4336,17111,1.18167701863354,8682.75155279503,49.5471014492754,91.3,2.33,1.86,"36606",2.4,6.2
"E01016468","7a Urban cultural mix","7 Multicultural living",4790,16481,1.14832535885167,8142.02392344498,51.92,78.47,16.27,0.32,"43990",2.7,5.1
"E01029565","8b Ageing suburbanites","8 Suburban living",4400,15314,1.30769230769231,10048.1858974359,62.1378621378621,93.16,3.63,0.64,"43780",2.7,6.4
"E01031588","3b Asian traits","3 Ethnically diverse professionals",4474,16843,1.22937293729373,8400.92244224423,46.9010175763182,80.53,13.86,2.48,"41244.5",2.5,6.2
"E01030931","3c Highly qualified professionals","3 Ethnically diverse professionals",4682,20935,1.1011826544021,8630.94349540079,32.8056288478452,81.6,10.91,2.23,"44520",2.2,6.1
"E01012421","8b Ageing suburbanites","8 Suburban living",4509,14721,1.3134328358209,9791.75746268657,52.7390900649954,94.59,1.12,0.19,"41310",2.5,6.3
"E01021767","3b Asian traits","3 Ethnically diverse professionals",5362,21365,1.31034482758621,8655.93573667712,34.2600163532298,93.26,2.04,1.57,"56415",2.6,6.3
"E01028434","8a Affluent communities","8 Suburban living",4579,16923,1.37426900584795,9517.57115009747,44.7368421052632,91.23,2.92,2.53,"42084",2.6,6.7
"E01027115","8a Affluent communities","8 Suburban living",4419,18156,1.28453608247423,8540.63711340206,46.2705436156764,92.37,2.27,0.41,"37222.5",2.4,6.4
"E01023317","3a Achieving neighbourhoods","3 Ethnically diverse professionals",4715,15485,1.28145695364238,9742.69757174393,48.9819004524887,75.06,18.76,1.21,"44256",2.7,5.7
"E01030997","8a Affluent communities","8 Suburban living",4469,16731,1.31304347826087,8949.3231884058,41.3729128014842,93.77,2.17,0.72,"42455",2.2,6
"E01019714","2b Prospering countryside life","2 Countryside living",4464,18486,1.15551181102362,8767.3592519685,52.2094926350246,79.04,2.95,9.35,"38301.5",2.5,6.1
"E01017432","2a Ageing rural neighbourhoods","2 Countryside living",4703,14725,1.44424778761062,12375.7433628319,50,84.6,4.25,6.9,"44167",2.5,6.6
"E01031702","8a Affluent communities","8 Suburban living",4762,18595,1.47438330170778,10292.7419354839,44.0443213296399,97.53,0.38,0.57,"58244",2.7,7
"E01030655","3a Achieving neighbourhoods","3 Ethnically diverse professionals",4884,17794,1.26744186046512,9179.94476744186,50.2521008403361,75.44,17.88,2.91,"50111",2.3,5.5
"E01016769","3b Asian traits","3 Ethnically diverse professionals",4522,16141,1.14285714285714,9156.73493975904,52.027027027027,89.85,4.99,1.38,"52589.5",2.4,6.2
"E01020399","2a Ageing rural neighbourhoods","2 Countryside living",4443,16081,1.33826429980276,9036.76429980276,51.6789982925441,92.7,1.58,1.38,"38975",2.4,6.5
"E01002473","3b Asian traits","3 Ethnically diverse professionals",7431,32705,1.33962264150943,8770.27987421384,35.0965575146935,77.52,13.68,4.4,"65891",2.4,6.9
"E01021157","8a Affluent communities","8 Suburban living",4412,18436,1.2911051212938,9087.5781671159,44.8872180451128,91.64,2.29,1.21,"47857",2.5,6.5
"E01031774","8a Affluent communities","8 Suburban living",4266,18042,1.28139183055976,8379.73676248109,37.2743682310469,93.95,1.97,1.21,"54230.5",2.5,6.5
"E01030790","3a Achieving neighbourhoods","3 Ethnically diverse professionals",4453,16921,1.3604826546003,10187.012066365,51.75,91.1,3.92,1.66,"43234",2.6,6.1
"E01016184","3a Achieving neighbourhoods","3 Ethnically diverse professionals",4485,15309,1.33986175115207,11291.7511520737,58.3946078431373,91.24,3.11,1.84,"58417",2.5,6.3
"E01024818","3c Highly qualified professionals","3 Ethnically diverse professionals",5279,20456,1.32402234636872,9150.3561452514,37.0308590492077,81.42,11.87,2.09,"50466.5",2.4,6.5
"E01022850","8a Affluent communities","8 Suburban living",4272,16424,1.29793977812995,10044,55.1376146788991,90.81,3.8,0.79,"55489",2.3,5.8
"E01018407","8b Ageing suburbanites","8 Suburban living",4289,18186,1.2706065318818,9338.14774494557,53.8319482917821,95.33,1.4,0.62,"37643",2.3,6.5
"E01023476","8a Affluent communities","8 Suburban living",5186,20113,1.3355592654424,9487.2020033389,36.6795366795367,86.98,8.68,1.17,"62602.5",2.5,6.7
"E01025958","8c Comfortable suburbia","8 Suburban living",3931,15219,1.14723926380368,9108.75613496933,55.3615960099751,92.33,0.92,2.91,"34289",2.5,6
"E01017939","3a Achieving neighbourhoods","3 Ethnically diverse professionals",4333,16185,1.27598566308244,9646.75448028674,55.3831231813773,88.17,6.27,1.61,"45477.5",2.4,5.4
"E01028489","8a Affluent communities","8 Suburban living",4469,18573,1.19124797406807,8432.55267423015,34.9457058242843,86.06,8.91,1.62,"43315.5",2.3,6.5
"E01030926","3c Highly qualified professionals","3 Ethnically diverse professionals",4389,16688,1.24172185430464,10479.3178807947,39.7737983034873,88.91,3.81,2.32,"51317",2.4,5.9
"E01023594","5c Comfortable neighbourhoods","5 Industrious communities",4499,16435,1.15534979423868,8251.36008230453,43.167701863354,80.04,5.97,8.44,"34529",2.3,5.9
"E01017576","5b Aspiring urban households","5 Industrious communities",4128,14861,1.21023765996344,9481.25959780622,52.0038167938931,93.42,1.1,0.37,"38200",2.6,5.9
"E01024968","8c Comfortable suburbia","8 Suburban living",4443,16038,1.15718157181572,10265.8482384824,62.3944742900998,94.04,2.57,1.22,"44894.5",2.6,6.5
"E01030989","3c Highly qualified professionals","3 Ethnically diverse professionals",4322,18134,1.27980132450331,9468.42052980132,36.6612111292962,89.57,5.13,1.82,"49804.5",2.7,6.3
"E01008557","8b Ageing suburbanites","8 Suburban living",4328,18012,1.29011345218801,9263.4943273906,47.233360064154,97.57,0.49,0.32,"44845",2.6,7
"E01032243","8b Ageing suburbanites","8 Suburban living",4269,15073,1.40414507772021,11736.7530224525,58.4132519616391,96.03,1.04,0.52,"37223.5",2.4,6.5
"E01027063","8c Comfortable suburbia","8 Suburban living",4562,16946,1.26164383561644,10378.9835616438,54.6047860768673,93.7,1.64,0.41,"45123",2.5,6.7
"E01027403","8b Ageing suburbanites","8 Suburban living",3976,15275,1.21487603305785,9562.96694214876,53.4334763948498,97.31,0.41,0.21,"37541",2.5,6.3
"E01023455","3c Highly qualified professionals","3 Ethnically diverse professionals",4319,16044,1.13754646840149,8907.95353159851,42.5985090521832,77.32,16.36,1.67,"48015.5",2.4,6
"E01027402","8b Ageing suburbanites","8 Suburban living",4264,16309,1.36252545824847,11288.883910387,55.4484088717454,96.13,0,1.02,"43002",2.7,6.8
"E01023453","3a Achieving neighbourhoods","3 Ethnically diverse professionals",5500,19924,1.31412639405204,10129.3531598513,37.0983446932814,85.69,5.95,4.28,"62297.5",2.6,6.9
"E01016523","3c Highly qualified professionals","3 Ethnically diverse professionals",6882,25347,1.42465753424658,10902.3784246575,39.0451832907076,89.38,2.74,2.05,"82112",2.4,6.8
"E01017780","3a Achieving neighbourhoods","3 Ethnically diverse professionals",4719,19088,1.40612244897959,10999.7,44.831223628692,92.45,1.43,2.04,"56368",2.6,6.3
"E01023454","8c Comfortable suburbia","8 Suburban living",4425,16944,1.38095238095238,11788.251984127,52.1199586349535,95.04,1.39,1.19,"65475",2.6,6.7
"E01027259","3b Asian traits","3 Ethnically diverse professionals",4404,14649,1.35456110154905,10123.9845094664,51.6722408026756,90.36,3.44,1.2,"37315.5",2.7,6.1
"E01024386","3c Highly qualified professionals","3 Ethnically diverse professionals",4129,15744,1.11047345767575,8681.85365853659,48.2730263157895,89.24,4.02,1.15,"47893",2.4,5.8
"E01012548","5b Aspiring urban households","5 Industrious communities",4529,14623,1.17496443812233,8665.27311522048,54.860088365243,90.04,6.69,0.14,"38760",2.6,6.1
"E01027258","8c Comfortable suburbia","8 Suburban living",4473,15116,1.34607645875252,10628.1307847083,59.0822179732314,94.37,0.4,1.01,"53754",2.9,7.2
"E01006264","8b Ageing suburbanites","8 Suburban living",4428,16452,1.37667304015296,9985.62906309751,52.1305530371714,95.03,1.15,0.76,"40379",2.6,6.4
"E01025380","8b Ageing suburbanites","8 Suburban living",4254,18663,1.27615780445969,10242.2984562607,55.7971014492754,92.97,0.69,0.69,"35066",2.5,6.2
"E01017530","8b Ageing suburbanites","8 Suburban living",4150,15418,1.37716262975779,9569.77162629758,50.6353861192571,94.64,1.21,0.52,"38818",2.4,6.5
"E01030875","3c Highly qualified professionals","3 Ethnically diverse professionals",4971,14832,1.08319467554077,8381.30615640599,47.1264367816092,72.05,21.46,1.83,"37071",2.1,4.9
"E01018439","8a Affluent communities","8 Suburban living",4643,19625,1.33213644524237,9954.94434470377,43.8559322033898,94.43,1.08,2.51,"44651.5",2.3,7
"E01017628","8a Affluent communities","8 Suburban living",4834,19589,1.43601895734597,11571.6872037915,50.4571903574397,91.47,3.79,1.11,"63934",2.5,6.9
"E01027456","8b Ageing suburbanites","8 Suburban living",4357,20726,1.32761904761905,11218.2133333333,44.8412698412698,96.76,0.19,0.76,"44469.5",2.6,7.5
"E01021239","8a Affluent communities","8 Suburban living",5830,23089,1.42528735632184,9237.18582375479,29.5829291949564,95.21,1.53,0,"63534",2.8,7.7
"E01030341","3c Highly qualified professionals","3 Ethnically diverse professionals",5562,21744,1.4,8948.37972972973,35.6054530874098,92.16,3.38,1.76,"82155",2.4,6.7
"E01030340","3a Achieving neighbourhoods","3 Ethnically diverse professionals",5314,19420,1.2741935483871,8301.73870967742,39.6432111000991,83.71,10.65,0.81,"55803",2.4,6.1
"E01030932","5c Comfortable neighbourhoods","5 Industrious communities",5206,18821,1.30456852791878,10404.0812182741,43.1166347992352,83.59,4.06,5.92,"42207",2.5,6.3
"E01010173","8a Affluent communities","8 Suburban living",4713,21161,1.30054644808743,8607.92531876139,49.2581602373887,97.27,0.91,0.36,"57299",2.6,6.9
"E01005334","8c Comfortable suburbia","8 Suburban living",4208,16123,1.15526802218115,8204.31053604436,56.4356435643564,94.09,1.85,1.11,"44225",2.8,6.2
"E01017641","2a Ageing rural neighbourhoods","2 Countryside living",4919,18341,1.34039548022599,10106.4053672316,50.0405515004055,80.79,6.92,5.79,"45944.5",2.4,6.5
"E01032364","8b Ageing suburbanites","8 Suburban living",4292,15743,1.42923794712286,12065.7465007776,58.2470119521912,96.42,0.31,0.62,"65741",2.6,7.5
"E01032362","8c Comfortable suburbia","8 Suburban living",4406,15573,1.35828877005348,11490.8489304813,56.2142857142857,95.86,0.67,0.94,"55830",2.6,7.1
"E01008799","8c Comfortable suburbia","8 Suburban living",3952,17574,1.20904836193448,9821.07488299532,57.4203574203574,94.85,0.94,1.25,"43405",2.6,6.6
"E01031001","3c Highly qualified professionals","3 Ethnically diverse professionals",4742,19206,1.15040650406504,8169.5298102981,41.2379421221865,82.11,11.79,2.57,"47991",2.3,5.9
"E01014183","8c Comfortable suburbia","8 Suburban living",3966,16904,1.28737541528239,10170.0664451827,52.1482729570345,96.68,0.33,0.66,"46148",2.6,7.3
"E01028123","8c Comfortable suburbia","8 Suburban living",4349,17975,1.16558018252934,9173.814863103,50.8579272477694,91.13,3.13,1.3,"42705",2.5,6.4
"E01024107","8b Ageing suburbanites","8 Suburban living",4131,15155,1.1918505942275,9450.03565365026,48.975791433892,92.02,0.85,1.87,"38801.5",2.5,6.2
"E01014184","5a Ageing urban communities","5 Industrious communities",4302,16845,1.23062381852552,9839.94517958412,49.5192307692308,89.6,2.46,2.84,"38096",2.7,6.4
"E01016672","8c Comfortable suburbia","8 Suburban living",4572,16756,1.51139601139601,11411.0868945869,51.5660809778457,94.73,1.99,0.43,"57930",2.5,6.6
"E01027992","8c Comfortable suburbia","8 Suburban living",4047,15242,1.2565011820331,10296.7872340426,62.1621621621622,95.86,0.35,1.42,"44185",2.6,6.4
"E01012584","3b Asian traits","3 Ethnically diverse professionals",5686,24862,1.33781190019194,10640.1170825336,52.6615969581749,87.52,6.91,1.54,"48870",2.8,7.3
"E01023657","8c Comfortable suburbia","8 Suburban living",3948,15089,1.22986247544204,10417.5451866405,49.806736609608,91.36,3.83,0.98,"44758",2.5,6
"E01023610","3a Achieving neighbourhoods","3 Ethnically diverse professionals",4118,18116,1.274,9685.224,43.5367114788004,81.6,14.4,1.2,"65732",2.7,6.3
"E01016790","8b Ageing suburbanites","8 Suburban living",4374,14923,1.24478178368121,8708.98292220114,49.8501498501499,89.94,5.88,0.76,"37864.5",2.5,6.2
"E01016711","3a Achieving neighbourhoods","3 Ethnically diverse professionals",4143,15472,1.12879581151832,8224.86178010471,48.3814008240141,88.17,5.13,1.15,"37449",2.4,5.9
"E01011700","5a Ageing urban communities","5 Industrious communities",4443,17662,1.062,8392.006,36.4694471387003,81.2,12.8,2.4,"36983",2.2,5.8
"E01019412","8c Comfortable suburbia","8 Suburban living",4468,16673,1.39378238341969,11459.8428324698,61.6695059625213,88.26,6.39,1.38,"48860.5",2.7,6.6
"E01016699","3c Highly qualified professionals","3 Ethnically diverse professionals",5078,19951,1.21417322834646,8883.25984251969,42.4657534246575,84.25,11.97,1.26,"54159.5",2.3,6.3
"E01016618","3b Asian traits","3 Ethnically diverse professionals",4236,17503,1.17695473251029,9226.64403292181,39.4261424017003,91.56,2.67,1.85,"49020",2.6,6.1
"E01020603","8b Ageing suburbanites","8 Suburban living",4239,17481,1.2682563338301,10391.3695976155,57.9136690647482,97.02,0.75,0.3,"48856.5",2.7,7
"E01028710","8a Affluent communities","8 Suburban living",4651,20208,1.28185907046477,9934.5592203898,43.4188034188034,91.6,2.25,2.1,"66270",2.4,7.3
"E01015398","8b Ageing suburbanites","8 Suburban living",4340,16390,1.52362204724409,10634.4921259843,52.4048096192385,96.85,0,0.59,"45798",2.7,6.7
"E01025904","8b Ageing suburbanites","8 Suburban living",3902,15212,1.203125,8840.30528846154,53.7965616045845,92.19,2.28,1.68,"36007.5",2.4,6.2
"E01010691","8a Affluent communities","8 Suburban living",5062,27156,1.25736434108527,8835.85891472868,34.08203125,86.2,8.84,0.62,"46553",2.3,7.1
"E01030656","3d Households in terraces and flats","3 Ethnically diverse professionals",4733,14953,1.27210884353742,8706.53401360544,50.9973980919341,90.14,3.06,1.19,"44061",2.6,5.6
"E01005882","8a Affluent communities","8 Suburban living",4645,20198,1.34355828220859,9044.21676891616,43.0173292558614,95.71,0.82,0.61,"51042",2.6,7.1
"E01027718","8a Affluent communities","8 Suburban living",4371,20240,1.1514745308311,8155.86595174263,43.7007874015748,93.16,3.35,0.54,"56284",2.5,6.7
"E01029917","5b Aspiring urban households","5 Industrious communities",4104,14689,1.1564039408867,8681.77093596059,50.3007518796993,87.81,5.91,3.08,"33604",2.3,5.8
"E01015405","8a Affluent communities","8 Suburban living",4654,19474,1.26240208877285,8205.75326370757,36.8505195843325,91.64,4.31,0.78,"61154",2.1,6.6
"E01022829","8a Affluent communities","8 Suburban living",3918,15949,1.25714285714286,9085.87950310559,38.5222381635581,93.29,2.61,0.37,"43799",2.5,6.5
"E01030967","8a Affluent communities","8 Suburban living",5413,18436,1.34231378763867,9324.35182250396,39.9820305480683,77.65,3.17,13.31,"62683",2.5,6.6
"E01030964","3c Highly qualified professionals","3 Ethnically diverse professionals",5575,22167,1.21592442645074,8174.05668016194,33.1081081081081,74.22,18.89,1.89,"51890",2.4,6.3
"E01017763","3c Highly qualified professionals","3 Ethnically diverse professionals",4812,20432,1.12933333333333,8213.248,33.5414808206958,84.27,10.13,1.47,"53076",2.3,6.1
"E01018506","8b Ageing suburbanites","8 Suburban living",4671,16375,1.43339587242026,10112.4071294559,53.7003610108303,97.56,0.19,0.38,"45535",2.7,7.5
"E01016583","3b Asian traits","3 Ethnically diverse professionals",4632,18680,1.36470588235294,9560.35147058824,46.1217681401168,92.21,2.79,1.32,"71996.5",2.3,6.2
"E01016500","7b Young ethnic communities","7 Multicultural living",4605,16145,1.24257425742574,9269.91254125413,47.7220077220077,80.36,12.54,1.82,"43252",3,5.4
"E01017804","3c Highly qualified professionals","3 Ethnically diverse professionals",4020,17030,1.15226939970717,8165.878477306,45.0729927007299,87.55,6.73,2.05,"39774",2.2,5.5
"E01028741","3c Highly qualified professionals","3 Ethnically diverse professionals",4692,20102,1.14342629482072,8786.24501992032,32.2278911564626,87.85,5.78,1.59,"55986.5",2.6,6.5
"E01024916","8b Ageing suburbanites","8 Suburban living",4222,16758,1.12551724137931,8845.11172413793,48.7609912070344,89.24,2.07,3.03,"34161.5",2.3,6
"E01027010","8b Ageing suburbanites","8 Suburban living",4317,14991,1.20654396728016,9415.918200409,45.2039691289967,92.23,2.04,1.43,"35487",2.4,6.1
"E01027880","8b Ageing suburbanites","8 Suburban living",4188,17397,1.20447284345048,10063.1022364217,49.2436974789916,87.22,1.28,7.51,"36358",2.5,6.8
"E01016510","3b Asian traits","3 Ethnically diverse professionals",5428,22712,1.57549234135667,11408.3238512035,44.7761194029851,91.25,1.75,3.72,"66204.5",3.2,6.7
"E01016513","7b Young ethnic communities","7 Multicultural living",4759,19450,1.4847972972973,10664.6334459459,48.658448150834,82.09,12.33,1.18,"63452",3.3,6
"E01016343","8b Ageing suburbanites","8 Suburban living",4485,14937,1.40138408304498,10379.9221453287,54.981884057971,92.73,2.08,1.73,"44433",2.5,5.9
"E01025451","8b Ageing suburbanites","8 Suburban living",4596,15184,1.38744884038199,11443.8376534789,61.6835016835017,94.82,0.95,1.77,"45734.5",2.7,6.9
"E01023459","8a Affluent communities","8 Suburban living",4363,14714,1.46138996138996,11578.0250965251,52.9865125240848,90.54,2.51,2.32,"53325.5",2.6,6.3
"E01016321","3c Highly qualified professionals","3 Ethnically diverse professionals",4464,15384,1.07389162561576,8362.5894909688,45.5116696588869,78.49,13.3,4.27,"35590",2.3,5.7
