<?xml version="1.0" encoding="utf-8"?>
<codeBook xsi:schemaLocation="ddi:codebook:2_5 http://www.ddialliance.org/Specification/DDI-Codebook/2.5/XMLSchema/codebook.xsd" version="2.5" xmlns="ddi:codebook:2_5" xmlns:xsi="http://www.w3.org/2001/XMLSchema-instance">
	<docDscr>
		<citation>
			<titlStmt>
				<titl>DDI Codebook 2.5</titl>
			</titlStmt>
		</citation>
	</docDscr>
	<stdyDscr>
		<citation>
			<titlStmt>
				<titl>2011 COWZ-EW Geodata Pack - England and Wales
				</titl>
				<altTitl></altTitl>
			</titlStmt>
			<rspStmt>
				<AuthEnty>Samantha Cockings</AuthEnty>
				<AuthEnty>David Martin</AuthEnty>
				<AuthEnty>Andrew Harfoot</AuthEnty>
				<othId></othId>
			</rspStmt>
			<prodStmt>
				<producer>University of Southampton</producer>
				<copyright>2011 COWZ-EW Geodata Pack by the University of Southampton; Contains public sector information licensed under the Open Government Licence
v2.0. Contains National Statistics and Ordnance Survey data © Crown copyright and database right 2015.</copyright>
				<fundAg>ONS, Quality Improvement Fund (QIF).</fundAg>

			</prodStmt>
			<distStmt>
				<contact>S.Cockings@soton.ac.uk</contact>
				<depositr>University of Southampton</depositr>

				<distDate date="2015-09-23T00:00:00Z">2015-09-23</distDate>
			</distStmt>
			<serStmt>
				<serName>2011 COWZ-EW Geodata Pack</serName>
			</serStmt>
			<verStmt>
				<version date="2015-09-23T00:00:00Z">
					1.0</version>
			</verStmt>
		</citation>
		<stdyInfo>
			<subject>
				<keyword>Classification Of Workplace Zones</keyword>
				<keyword>National</keyword>
				<keyword>2011</keyword>
				<keyword>Census</keyword>
				<keyword>COWZ-EW</keyword>
        <keyword>England</keyword>
        <keyword>Wales</keyword>
				<topcClas>Demographics</topcClas>
			</subject>
			<abstract>The 2011 Classification Of Workplace Zones (2011 COWZ-EW) is a UK geodemographic classification produced as a collaboration between the Office for National Statistics and the University of Southampton. 
			For further information regarding the 2011 COWZ-EW please visit: http://cowz.geodata.soton.ac.uk/
			</abstract>
			<sumDscr>
				<timePrd>2011</timePrd>
				<collDate>2011</collDate>
				<nation>England, Wales</nation>
				<geogCover>England, Wales</geogCover>
				<geogUnit>National</geogUnit>
				<geogUnit>Workplace Zone</geogUnit>
				<anlyUnit></anlyUnit>
				<universe></universe>
				<dataKind>Shapefile</dataKind>
			</sumDscr>
		</stdyInfo>
		<method>
			<dataColl>
				<timeMeth></timeMeth>
				<dataCollector>University of Southampton</dataCollector>
				<sampProc></sampProc>
				<deviat></deviat>
				<collMode></collMode>
				<sources><dataSrc>Census 2011</dataSrc></sources>
				<weight></weight>
			</dataColl>
		</method>
		<dataAccs>
			<setAvail>
				<accsPlac>University of Southampton</accsPlac>
			</setAvail>
			<useStmt>
				<restrctn></restrctn>
        <contact>S.Cockings@soton.ac.uk</contact>
			</useStmt>
		</dataAccs>
		<othrStdyMat>
			<relStdy></relStdy>
			<relPubl></relPubl>
			<othRefs></othRefs>
		</othrStdyMat>
	</stdyDscr>
</codeBook>
